coords,Snoutx,Snouty,LFLx,LFLy,RFLx,RFLy,LHLx,LHLy,RHLx,RHLy,Tailtipx,Tailtipy
0,2.919310927,72.30459094,732.3126793,205.4486693,723.9522648,213.6769271,1.095406532,73.22281551,2.002629876,75.59471732,728.9427946,206.1388276
1,2.936819315,72.26689553,732.2667162,205.4577307,723.9294565,213.6842613,1.107718706,73.21539474,1.990225315,75.57514957,728.8867974,206.132072
2,2.936819315,72.26689553,732.2667162,205.4577307,723.9294565,213.6842613,1.107718706,73.21539474,1.990225315,75.57514957,728.8867974,206.132072
3,2.842738628,72.85493875,731.4977726,205.3968196,723.7096732,213.5775642,1.111289978,73.25225639,2.166377068,75.72930518,728.3486688,206.1458645
4,2.799557924,72.8536799,731.4543645,205.4029101,723.7298829,213.5868664,1.12056613,73.24169803,2.201086402,75.69309467,728.3764622,206.1092443
5,2.876747131,72.30643678,732.3279122,205.0595955,724.0879243,213.4399271,1.197863102,73.21438599,2.035718799,75.6786747,729.8410501,206.2516036
6,2.876747131,72.30643678,732.3279122,205.0595955,724.0879243,213.4399271,1.197863102,73.21438599,2.035718799,75.6786747,729.8410501,206.2516036
7,2.48908937,72.40510726,0.830728292,218.4214487,723.8499813,213.513114,0.961803436,72.96857357,1.88045001,75.63507017,731.8439984,207.1402285
8,2.48908937,72.40510726,0.830728292,218.4214487,723.8499813,213.513114,0.961803436,72.96857357,1.88045001,75.63507017,731.8439984,207.1402285
9,4.164396778,208.6244984,1.251108408,212.0635424,-0.202999115,211.0040928,2.895048261,207.1111827,2.21594727,214.6617041,2.633828402,211.1321507
10,4.113876656,208.4594615,1.291898489,211.9383049,-0.235620975,210.9172709,2.952157378,207.146071,2.222458839,214.5440016,2.646440983,211.0062695
11,6.318680286,206.1005943,1.011084795,211.580164,-0.891060829,211.5061682,1.250344515,217.6419268,0.891116619,214.5812011,2.70807147,211.015276
12,6.45142889,206.1226943,0.916796207,211.6443355,-0.879357815,211.559368,1.171768188,217.7313807,0.952635527,214.648531,2.67232275,211.1930399
13,9.239990711,204.1090288,0.795241117,211.1342168,-0.409812927,211.3468857,1.065977097,215.7443748,1.098598957,214.1382823,3.472838163,210.3238811
14,9.239990711,204.1090288,0.795241117,211.1342168,-0.409812927,211.3468857,1.065977097,215.7443748,1.098598957,214.1382823,3.472838163,210.3238811
15,12.81109631,203.7897482,1.339401007,210.7943686,0.34621501,210.9458101,1.789782524,213.549612,1.754195929,213.1825776,730.6597289,206.061439
16,12.77602392,203.8316464,1.277027845,210.8906883,0.206640244,210.9480716,1.657167435,213.6513252,1.68298316,213.3737793,4.655809164,209.8234596
17,17.19493484,203.4102702,1.917936087,210.439279,0.434889317,210.9816533,2.242081761,212.6155138,4.467449546,204.374656,5.698742867,210.3840752
18,17.19493484,203.4102702,1.917936087,210.439279,0.434889317,210.9816533,2.242081761,212.6155138,4.467449546,204.374656,5.698742867,210.3840752
19,19.86390196,204.1232481,2.177732468,210.8059587,0.294988155,211.0490724,2.401194453,211.9851236,4.54578054,205.0804878,6.15572691,210.9075861
20,19.87194015,204.2018862,2.125020266,210.8604578,0.246654034,211.1273226,2.32507813,211.9816504,4.527084053,205.152928,6.054593086,211.0242596
21,23.12982392,203.7938948,1.830278397,210.5488415,0.398406267,210.4664291,1.634525537,210.8186045,4.040641878,204.7601993,5.509979486,211.9272947
22,23.12982392,203.7938948,1.830278397,210.5488415,0.398406267,210.4664291,1.634525537,210.8186045,4.040641878,204.7601993,5.509979486,211.9272947
23,25.79217005,203.0584745,0.229602098,208.102746,0.197279215,205.5261514,0.62527132,203.8146843,3.91328156,204.2940764,725.1955253,207.8498244
24,25.99767828,203.035933,1.604439974,209.7943442,0.064574957,205.4872916,0.554930687,203.8231818,3.827817455,204.290649,6.041087627,203.2794459
25,29.3174125,201.9867945,2.356983185,209.4116011,0.013269186,205.1603569,1.137404442,202.9999113,1.559170246,198.5586042,729.794301,206.3986771
26,29.3174125,201.9867945,2.356983185,209.4116011,0.013269186,205.1603569,1.137404442,202.9999113,1.559170246,198.5586042,729.794301,206.3986771
27,33.32799673,202.2670488,17.35243845,207.8425422,2.465810299,205.4366201,5.557762265,205.245358,1.17725873,200.1344786,37.77238417,207.0139027
28,33.28725386,202.2745218,17.36572576,207.8634591,2.438836217,205.431276,5.55070591,205.2346494,1.174152374,200.1380258,731.0006617,205.9548568
29,36.96929646,202.0081325,20.5066967,208.0338929,0.57639432,211.9409862,6.181257486,207.0329237,51.4825691,199.5058253,6.60626173,215.2141919
30,36.96929646,202.0081325,20.5066967,208.0338929,0.57639432,211.9409862,6.181257486,207.0329237,51.4825691,199.5058253,6.60626173,215.2141919
31,40.36497211,201.3251076,16.63181305,212.6018274,3.766818553,216.0848842,3.652271807,210.455759,2.241273761,214.7037058,4.71297729,215.9985328
32,40.36110163,201.3264799,16.63046598,212.5987047,3.767051324,216.0829804,3.65163365,210.4539742,2.243062377,214.7012305,4.715112388,215.996892
33,44.69714928,200.6603246,15.49945593,214.2128286,20.27800179,211.0003386,3.196163058,211.8333845,2.68027842,215.2923875,730.4020396,206.2250478
34,44.69714928,200.6603246,15.49945593,214.2128286,20.27800179,211.0003386,3.196163058,211.8333845,2.68027842,215.2923875,730.4020396,206.2250478
35,49.44259262,201.2003222,15.87710977,214.2604544,18.26157558,211.3141503,4.20982559,212.5459414,2.511992574,215.74471,724.7092347,207.3234396
36,49.44159985,201.1999145,15.87581849,214.2643278,18.26464415,211.3129166,4.211049706,212.5482512,2.511938095,215.7471719,724.7076308,207.3234477
37,53.11253738,201.6111178,16.22424603,214.8820188,18.87650537,212.1249922,4.124074459,213.015276,2.515227795,216.3705308,730.5416209,205.915306
38,53.11253738,201.6111178,16.22424603,214.8820188,18.87650537,212.1249922,4.124074459,213.015276,2.515227795,216.3705308,730.5416209,205.915306
39,56.97269249,202.7998605,16.8382206,215.2045808,19.97353077,213.7412623,4.368008226,212.8666754,2.440200567,216.8901825,731.5177653,206.3295054
40,56.9827342,202.7954016,16.84212875,215.2522175,19.94812393,213.7789335,4.282102883,212.9072514,2.469093084,216.9045975,731.6012169,206.2693772
41,60.43234825,203.5031867,19.44033813,214.942632,21.44678545,212.4666133,3.765760094,212.201025,1.717503786,217.0078068,729.8448265,206.9860723
42,60.43234825,203.5031867,19.44033813,214.942632,21.44678545,212.4666133,3.765760094,212.201025,1.717503786,217.0078068,729.8448265,206.9860723
43,64.02763796,203.6683898,19.49270439,214.8319898,4.793023288,213.024147,3.732256085,212.386445,1.991847277,216.798645,70.54450035,204.1341906
44,64.0335207,203.6952882,19.57392454,214.828805,4.73860091,213.006086,3.733785301,212.3804007,1.958445311,216.794523,70.55296469,204.1281486
45,66.42287302,204.0473089,18.40962839,214.8929689,5.612633586,216.3795352,4.389898658,212.6292028,-0.070337772,212.8058209,72.23958588,207.2027216
46,66.42287302,204.0473089,18.40962839,214.8929689,5.612633586,216.3795352,4.389898658,212.6292028,-0.070337772,212.8058209,72.23958588,207.2027216
47,67.93867509,204.5510054,18.76852989,215.3785918,16.98385549,212.3090572,5.015810728,213.2918262,0.076518059,213.2697448,729.045583,206.6554296
48,67.93787167,204.565299,18.74830532,215.3868816,16.94419026,212.3628969,5.015311956,213.2904234,0.094829321,213.2707342,728.9842038,206.6545832
49,70.09250498,204.6554699,18.5561862,215.1373785,16.81515002,212.3188697,10.61244285,213.7356759,0.665769339,213.2004542,0.372234821,207.7834361
50,70.09250498,204.6554699,18.5561862,215.1373785,16.81515002,212.3188697,10.61244285,213.7356759,0.665769339,213.2004542,0.372234821,207.7834361
51,72.64546633,203.7735443,17.42596173,215.1469266,16.88306141,210.9335738,7.459988117,212.3026553,2.547901154,203.4428463,730.8173828,206.3749042
52,72.65152407,203.7771025,17.42532253,215.1747317,16.79647803,210.8655958,7.382930279,212.3331893,2.61459136,203.4300542,730.8673881,206.3638401
53,75.41386747,202.8302593,16.56035614,214.8606482,14.77089477,207.9198022,6.009618759,211.9258527,3.039191961,201.0474024,729.9043045,207.2730784
54,75.41386747,202.8302593,16.56035614,214.8606482,14.77089477,207.9198022,6.009618759,211.9258527,3.039191961,201.0474024,729.9043045,207.2730784
55,77.39339733,202.2968946,17.73047781,214.9687142,21.71962178,209.2653637,9.531121731,212.0057023,3.984052354,212.264493,729.8755603,206.9200361
56,77.38463521,202.2916512,17.72982144,214.9755249,21.71451461,209.2658119,9.526108742,212.008509,3.983789394,212.2682218,729.8690858,206.956898
57,79.04481173,201.9645667,17.34318352,213.3377736,29.53830373,207.782366,12.9776091,214.2393064,4.785857022,212.7187816,-2.590319633,205.8980526
58,78.89548993,201.899169,17.54535294,213.4671443,29.74528813,207.9032402,13.02207208,214.2857208,4.722694874,212.5496059,-2.824034691,205.7079773
59,80.93119764,202.3026729,17.34696579,214.0500441,37.85170686,208.8630953,13.87876487,214.9960659,2.435059309,212.5469517,730.4369031,206.5619471
60,80.98256779,202.3650155,17.36984444,214.2341254,38.11997819,208.7947702,14.08103561,215.0951259,2.459448457,212.7327538,-1.595845222,206.8923593
61,83.5349741,202.6242146,13.32078445,213.8817025,44.0952732,211.218575,6.860908508,214.0462654,1.364059925,211.5070395,-1.891611099,206.7991717
62,83.61172819,202.6172695,13.22560692,213.7022552,44.27250642,211.4924154,6.285943508,213.9280014,1.622379541,211.5041461,-1.969151497,206.7390566
63,85.99783516,203.6641026,12.4901993,213.7115022,46.68027115,214.4841051,5.469640732,214.0435817,39.66952658,211.842741,-1.077538967,205.5954151
64,85.98172712,203.6632943,12.48866081,213.697389,46.73589563,214.2368517,5.485711575,214.0302455,39.68269014,211.8491983,-1.064819336,205.598706
65,88.46446943,204.2859535,11.82783991,213.8148444,46.80038357,214.4209013,4.452208519,213.4935901,35.93407515,211.6622142,96.66556072,205.7052755
66,88.46446943,204.2859535,11.82783991,213.8148444,46.80038357,214.4209013,4.452208519,213.4935901,35.9340751,211.6622142,96.66556072,205.7052755
67,91.09344578,204.8832941,12.31899521,214.4912579,47.67767096,214.7500732,5.673618793,213.8725368,1.231796265,210.7925086,100.3214045,205.7442837
68,91.08043766,204.9450083,12.27420574,214.4883058,47.66282368,214.736326,4.002379649,213.4336081,1.206531286,210.7799945,100.3353038,205.7419224
69,93.00956976,204.6756697,14.55990458,213.9025463,47.52215028,214.8822396,6.527407169,213.3738667,1.192593336,210.9666562,100.8045077,205.3694386
70,93.12540793,204.7438173,14.79207182,213.7866893,47.16195154,214.4662247,6.930261612,213.1348454,1.345094204,210.9734912,100.8227329,205.3531828
71,95.87493324,205.0179262,11.69339684,214.2944074,48.02210617,215.2510109,3.235538244,211.2458735,40.02549887,211.8567867,102.9436655,207.7030334
72,95.87854099,204.9755707,11.86706576,214.3814645,48.1369195,215.3958099,3.141315281,211.4227829,40.04870844,212.0564942,102.8545423,207.7441587
73,98.78440857,205.5702219,15.85995054,212.8573924,47.74977636,215.5411148,11.82259545,210.4109685,6.519777536,213.2023325,730.0568372,207.5984049
74,98.78440857,205.5702219,15.85995007,212.8573924,47.74977636,215.5411148,11.82259545,210.4109685,6.519777536,213.2023325,730.0568372,207.5984049
75,101.2711066,206.4016848,16.46223307,211.9240759,46.75825739,215.7616131,18.18629456,213.4849615,37.40700912,212.8698677,-4.103550911,206.7219696
76,101.2939898,206.3041716,16.44104624,211.9658557,46.73943853,215.7682247,18.15363216,213.5056682,37.41439295,212.8878372,-4.093153954,206.759064
77,103.9894068,205.7510204,17.71942568,212.033512,45.73639297,214.9643815,19.15680408,214.8272474,38.026124,212.3602486,-3.91530323,206.9889414
78,103.9894068,205.7510204,17.71942568,212.033512,45.73639297,214.9643815,19.15680408,214.8272474,38.026124,212.3602486,-3.91530323,206.9889414
79,106.6887164,205.5468349,19.0347414,212.2643331,46.70290542,215.8845949,20.39305973,215.2020159,38.98145342,212.3345037,115.6269178,205.2713757
80,106.693728,205.5470352,19.02602339,212.2604145,46.74300885,215.8954773,20.36711121,215.1868689,39.03256845,212.3484812,115.6280985,205.271852
81,109.2388215,204.9105692,18.81364489,211.1383421,45.11992705,215.291131,18.94990623,213.8250122,37.45331192,212.1427493,116.2138519,205.1412935
82,109.1825383,204.9377728,18.44476032,211.0493109,45.2618556,215.4993811,18.91026282,213.8000116,37.58446884,212.0826149,116.1530375,205.2312603
83,111.0060811,205.5587454,20.48202991,211.2172599,45.36744118,215.5412045,19.14573324,214.9466476,37.28492117,212.8155603,117.9372697,207.9468126
84,110.9280884,205.4137411,20.52516651,211.1946845,44.87152481,214.1815565,19.1413269,214.9355602,37.23381329,212.8341184,117.8932066,207.9355927
85,113.0209594,206.2519865,21.8333168,211.3092195,46.14937782,215.3669119,19.29965782,214.0578938,38.02890205,212.4191055,119.0703917,208.2301159
86,113.0618911,206.3041191,21.92772293,211.2042957,46.34985113,215.2843666,19.13076597,214.064888,37.9357481,212.4172044,729.8497758,205.4393305
87,114.496415,206.5886955,22.23467827,211.7615944,45.48416495,214.77318,20.89105558,213.1550827,18.51067162,212.4313216,730.7871932,205.282655
88,114.4803364,206.5921087,22.22970867,211.7445538,45.47729266,214.7610435,20.92392325,213.1481256,18.5605588,212.4177551,730.8222935,205.4160991
89,116.1928553,205.8316545,22.6512804,211.7279328,45.74118173,214.6358747,21.34640896,213.2624598,19.30981874,211.9598007,-1.982246399,204.0133806
90,116.1928553,205.8316545,22.6512804,211.7279328,45.74118173,214.6358747,21.34640896,213.2624598,19.30981874,211.9598007,-1.982246399,204.0133806
91,118.5384452,205.5077763,28.18224049,211.6545607,45.75910771,214.2821131,21.33529782,213.5475082,19.27420473,211.8496037,-1.922143936,204.0716896
92,118.526794,205.5050745,28.14039993,211.6477223,45.79398227,214.3046341,21.36049104,213.5950136,19.29083014,211.8797045,-1.888719559,204.093704
93,121.1885958,203.8496785,36.78333366,211.6028329,46.48670554,214.0789194,22.12503028,213.860836,18.2456708,211.8888693,-1.690384865,203.7674267
94,121.1885958,203.8496785,36.78333366,211.6028329,46.48670554,214.0789194,22.12503028,213.860836,18.2456708,211.8888693,-1.690384865,203.7674267
95,123.9811893,203.1892014,38.59012699,211.0727814,47.93990064,214.1854324,23.41352105,213.5774984,18.55033493,212.1993127,-1.187774658,203.7478277
96,123.9830375,203.1880503,38.57673025,211.0665216,47.91968894,214.169632,23.40748167,213.5712633,18.52309465,212.1944456,-1.185380459,203.7475925
97,126.7569509,201.6554265,48.16987371,210.2077217,49.24812222,214.3394566,24.29608727,214.0224438,16.7877202,211.8258964,-1.204154491,203.1096876
98,126.8010814,201.6446023,48.1253562,210.5154419,49.2102356,214.4654551,24.32951689,214.0013132,16.67531013,211.7739286,-1.177983761,203.1219921
99,130.3606925,200.7031994,114.7003068,207.7501783,49.98896265,214.1430817,24.70732498,213.5073109,15.56459761,210.7178196,-0.911134243,202.6856965
100,130.3655686,200.7020383,114.7025431,207.7467093,49.99805069,214.1366205,24.70791531,213.5053043,15.56186748,210.7138635,-0.912803173,202.6863524
101,133.4615858,200.2791481,113.5732629,207.9584413,49.09057903,213.6071415,20.29984614,213.3190184,4.526553154,204.2989712,730.6286989,205.7985467
102,133.4615858,200.2791481,113.5732629,207.9584413,49.09057903,213.6071415,20.29984614,213.3190184,4.526553154,204.2989712,730.6286989,205.7985467
103,136.3050952,200.6136189,57.63793731,212.0335808,48.37814808,213.3923655,22.55525208,213.7152107,18.43232715,205.2758703,-0.358484745,199.2743616
104,136.3031845,200.6019125,57.61911511,212.0130467,48.36053443,213.3576403,22.7011869,213.6540346,18.51000714,205.0996571,-0.384996891,199.3560519
105,141.0795994,200.7172966,58.43932593,212.9053635,46.3474133,214.3990514,29.56292057,210.5739121,24.16474104,211.0101275,730.2170008,206.2636821
106,141.0795994,200.7172966,58.43932593,212.9053635,46.3474133,214.3990514,29.56292057,210.5739121,24.16474104,211.0101275,730.2170008,206.2636821
107,145.299715,199.3954616,133.5152262,208.8570781,49.57612562,214.5232103,34.13565731,210.4145656,26.32209301,211.6731141,730.1406087,205.7250609
108,145.2735376,199.3635244,133.5316155,208.8221779,49.60031557,214.4973106,34.14752901,210.3878882,26.31666851,211.6634848,730.0927846,205.6938826
109,149.6890051,200.8686547,135.682163,211.8769321,49.83931804,213.1054525,39.30093241,211.9660951,22.64050198,212.1987953,728.9457209,205.5909986
110,149.6890051,200.8686547,135.682163,211.8769321,49.83931804,213.1054525,39.30093241,211.9660951,22.64050198,212.1987953,728.9457209,205.5909986
111,154.3530111,201.0763388,140.7157959,213.2328987,57.15698528,208.3635831,39.13441205,212.1983819,21.78379989,212.7496853,728.9894197,205.0127037
112,154.355989,201.0766401,140.7125418,213.2245741,57.13917446,208.3771024,39.11462927,212.1941697,21.77671909,212.740077,728.9359629,204.9659151
113,158.1884813,201.2163358,142.3681803,213.878746,66.65980053,203.2180853,39.58919144,213.8336124,21.45267546,213.3560524,728.8994796,205.3201691
114,158.1884813,201.2163358,142.3681803,213.878746,66.65980053,203.2180853,39.58919144,213.8336124,21.45267546,213.3560524,728.8994796,205.3201691
115,162.813623,200.4307332,143.1068733,214.4326062,73.98792315,197.9182122,28.11235756,214.7937961,45.02702892,214.9958339,729.1421926,205.9923269
116,162.8141794,200.4295321,143.106544,214.4374871,73.98907423,197.9197552,28.11311503,214.7913721,45.02624607,214.9937739,729.114023,206.0084274
117,167.6644874,201.7094259,143.1322029,213.5360179,82.56933796,197.6983156,28.99764323,215.0494475,44.38180143,215.3240569,725.753354,207.6084409
118,167.6644874,201.7094259,143.1322029,213.5360179,82.56933796,197.6983156,28.99764323,215.0494475,44.38180143,215.3240569,725.753354,207.6084409
119,172.2066584,202.7191162,143.832772,213.7357074,91.10891819,199.8336742,32.48462868,214.6101022,42.97959363,215.6549852,724.9465618,207.4438186
120,172.08885,202.837184,144.0045066,213.8956132,91.78898191,199.6049933,34.93950391,214.6148052,24.33570862,215.34886,725.2975703,207.4976826
121,175.8454185,202.5927653,143.61766,213.4973582,101.291832,200.3087101,35.85765399,213.5407633,26.13900042,214.988296,4.650826037,204.036532
122,175.8358598,202.5620465,143.5076339,213.6903847,101.4760818,200.2973356,34.38417196,213.5944796,25.9087553,214.623565,0.330745459,168.8376651
123,179.7624478,204.0889282,143.6769867,214.9842284,113.0705004,200.9184222,34.53888655,212.9910733,26.35145712,214.1303003,184.4598773,207.2820387
124,179.7518764,204.0865574,143.6712859,214.9941878,113.0613437,200.9431086,34.52575481,212.999042,26.33772135,214.1150296,184.4458058,207.2774191
125,183.0889277,204.6639462,143.8857884,215.0896189,120.2819295,200.1152759,27.0047664,210.6548243,42.73316026,215.5174663,17.85481358,206.894027
126,183.0889277,204.6639462,143.8857884,215.0896189,120.2819295,200.1152759,27.0047664,210.6548243,42.73316026,215.5174663,17.85481358,206.894027
127,185.8341556,205.1712656,143.6538315,215.3340752,130.2427597,202.3668661,30.09671307,206.5832212,44.63136721,215.2097766,1.457048655,180.5761542
128,185.828856,205.1754122,143.7029047,215.3877676,130.3748045,202.3430481,30.10310769,206.7144074,44.71195233,215.2076097,1.424827576,180.4913377
129,187.8575108,204.7347221,141.792624,214.9569173,138.7368369,202.3281507,38.99494433,207.1847124,45.85236549,214.8992579,0.325951338,177.011673
130,187.8579066,204.760169,141.5990827,215.0638812,138.763556,202.4268069,38.46422815,207.2103405,45.72669792,215.0148654,729.2060702,206.3311315
131,191.6374958,205.0964813,142.3267064,214.5862839,140.8721817,203.7644038,63.87652206,211.1834903,45.32946932,215.1629281,198.5436702,207.602541
132,191.7277267,205.0762005,142.3195367,214.5050035,140.2843828,204.1437559,63.93095064,211.2171342,45.33354795,215.1916893,198.6357408,207.6034117
133,194.5291958,205.1437941,142.4301968,214.1343908,144.4520054,205.4978135,65.94147062,210.7317892,45.25105917,214.9246895,729.8475387,206.1775143
134,194.5357313,205.047308,142.1140313,214.2209361,144.5443985,205.6710391,65.79827523,211.0393537,45.10530245,214.7299607,730.3560684,207.288615
135,197.0900824,205.4057779,143.4776003,214.2801161,154.6698432,206.8492577,65.70000315,210.939733,45.61536515,214.9570119,50.21702194,215.1694098
136,197.1337407,205.4137535,143.8235269,214.1814442,154.4171891,206.825094,65.68150258,211.0137895,45.59529698,214.9694366,50.25059891,215.1815495
137,200.9181056,205.0542583,142.7237992,214.6790187,155.5241288,209.1510725,85.60429049,204.3417867,45.95450461,214.3441529,730.2001014,207.2705681
138,200.9441094,205.1356039,143.5423183,214.649148,155.635594,209.4178414,85.39407229,204.1957356,45.76235151,214.3157518,729.6973715,206.9640622
139,204.7414847,204.6858549,141.8664527,215.0758557,157.0382692,212.4904137,100.7229097,203.8403752,46.00657248,214.4248304,729.7096024,207.5794823
140,204.5081119,204.7035294,141.8456625,215.0645881,156.9975075,212.431448,100.8500583,203.7597208,46.00637913,214.3413928,50.34729862,214.6019917
141,207.9372597,205.2677593,142.7500806,215.6211848,157.1980481,214.1674843,114.6016493,201.5027246,45.96526885,214.3496776,2.145697117,179.2631804
142,207.9372597,205.2677593,142.7500806,215.6211848,157.1980481,214.1674843,114.6016493,201.5027246,45.96526885,214.3496776,2.145697117,179.2631804
143,210.5867043,205.3790693,142.8090365,215.1482511,157.2780327,214.9906311,117.0132915,201.3047843,45.65140009,214.1935022,2.645237088,179.3379441
144,210.5801301,205.354126,142.6809232,215.2158849,157.2481161,214.985837,117.0342976,201.3936868,45.78104734,214.1676288,2.620478034,179.185726
145,213.0085396,204.9621067,141.563663,213.5481052,156.9077213,214.5514421,124.4954594,204.1118746,45.08025849,213.5137178,2.516041994,178.7899489
146,213.0085396,204.9621067,141.563663,213.5481052,156.9077213,214.5514421,124.4954594,204.1118746,45.08025849,213.5137178,2.516041994,178.7899489
147,215.793808,205.3627863,145.0777552,212.5331444,155.8551698,214.8402052,132.5198261,209.5978994,45.36378372,213.3961893,2.360410929,178.7003144
148,215.7998321,205.3789415,145.0313258,212.5207768,155.8510327,214.8224204,132.4959075,209.6001854,45.42024708,213.3877522,2.439330101,178.795771
149,218.6711426,205.0794287,145.3978367,212.0843195,157.3937992,214.8646693,135.0571423,211.635859,44.4897323,213.0397912,2.365576625,178.2158078
150,218.7166533,205.1946573,145.3528273,211.7391194,157.4223765,214.855952,135.2024012,211.9383745,44.69381309,213.2987541,2.308655977,178.1756192
151,221.5033262,205.2420931,146.3472509,211.9747921,155.6074595,215.213599,134.8008535,211.5198312,45.05499542,212.5257995,1.550315619,171.0370274
152,221.5057387,205.2482481,146.3530084,211.9515049,155.6267848,215.2045972,134.8191316,211.5356331,45.03010106,212.5260297,1.55561161,171.0486402
153,224.2477922,205.0200596,148.1663966,212.9235637,153.9456091,215.1000381,134.9830849,211.7241731,46.03009725,211.31992,1.432606936,170.3604701
154,224.2477922,205.0200596,148.1663968,212.9235638,153.9456091,215.1000381,134.9830849,211.7241731,46.03009725,211.31992,1.432606936,170.3604701
155,227.1004148,204.2574015,151.0696869,212.041339,154.1682429,215.1552026,134.6191237,212.2825394,53.94681001,205.667133,3.933801651,167.2016864
156,227.102417,204.2551498,151.0713944,212.0408767,154.1680465,215.155627,134.6193981,212.2824736,53.94636798,205.6669189,3.932408333,167.2031617
157,229.2179941,203.9174328,150.1454089,209.7992618,154.5885367,215.2652471,135.0186749,212.4516973,61.38337541,199.673593,5.385909557,166.4975817
158,229.2179941,203.9174328,150.1454089,209.7992618,154.5885367,215.2652471,135.0186749,212.4516973,61.38337541,199.673593,5.385909557,166.4975817
159,232.6636338,203.4036589,150.8467135,208.6487558,156.005798,216.5575724,134.7430551,213.2433882,68.07463906,196.0948534,7.998874664,166.4886231
160,232.6638346,203.4048748,150.8434818,208.6525071,156.0016348,216.5600319,134.738271,213.2472134,68.07599726,196.0963478,7.996623516,166.4891121
161,235.258853,202.879128,185.2968421,207.6906233,155.6747832,216.029798,134.9313769,214.2268229,78.21931529,194.6052947,10.2204994,168.0563645
162,235.3180809,202.8752003,184.3911333,206.9216685,155.6174908,216.1920247,135.0650778,214.3771591,78.44134021,194.7172728,10.28534925,168.0975208
163,238.2310648,201.7937837,151.2402878,210.1710305,155.4759784,216.255456,135.2377419,214.8652678,87.94184232,193.657836,13.78575981,169.1501474
164,238.2319937,201.793499,151.2330165,210.1820713,155.4379802,216.2673445,135.2004113,214.8717327,87.93967748,193.642467,13.83978796,169.2885747
165,240.1908641,201.0526218,152.5310564,210.6024252,155.2108846,216.107626,136.0963974,214.3103054,94.99445701,196.3951626,16.89328623,172.0016546
166,240.1908641,201.0526218,152.5310564,210.6024252,155.2108846,216.107626,136.0963974,214.3103054,94.99445701,196.3951626,16.89328623,172.0016546
167,243.7361779,201.063499,227.697781,205.8092599,155.2343254,216.7554393,137.3036766,214.0739791,101.1205055,198.8448515,19.33543491,175.2201257
168,243.7412896,201.062768,227.6952514,205.810225,155.2369599,216.754396,137.3037305,214.0740426,101.1201516,198.8432913,19.33078796,175.222357
169,247.0923345,200.4102774,233.2211046,208.8131585,155.751821,216.6430368,134.9044642,213.8413191,110.0556464,201.435288,21.6964885,178.9121933
170,247.0923345,200.4102774,233.2211046,208.8131585,155.751821,216.6430373,134.9044642,213.8413191,110.0556464,201.435288,21.6964885,178.9121933
171,249.5799994,200.2744641,234.2548642,212.0426426,154.595252,216.0240979,132.8954673,214.0263362,119.9426525,202.4711795,25.52713251,180.8536739
172,249.5846424,200.2734976,234.2488775,212.0415125,154.595067,216.0245061,132.897468,214.0246015,119.9426889,202.4703093,25.52738667,180.8526258
173,251.6612449,200.743103,231.6566281,214.6853573,154.5497394,215.1206234,135.153435,213.5989782,129.8734846,203.643826,29.34023285,181.9084399
174,251.6612449,200.743103,231.6566281,214.6853573,154.5497394,215.1206234,135.153435,213.5989782,129.8734846,203.643826,29.34023285,181.9084399
175,253.8439331,202.0158057,231.5746193,214.8848956,156.0770035,215.655237,134.2631025,215.4727423,140.2833602,206.8702745,33.30160904,182.8326206
176,253.845521,202.011447,231.5749364,214.8793654,156.0733023,215.6488833,134.2711415,215.4711373,140.2796466,206.8681889,33.31205034,182.8345745
177,256.6160102,202.8163338,231.9635794,215.2647281,157.7036096,214.5424998,135.9348316,213.9682364,145.6141911,206.884131,37.06425095,183.3684494
178,256.6160102,202.8163338,231.9635794,215.2647281,157.7036096,214.5424998,135.9348316,213.9682364,145.6141911,206.884131,37.06425095,183.3684494
179,259.8183293,204.3120756,231.5019636,215.8165209,159.4507015,214.865808,136.4106717,213.9415575,147.7613079,207.3853457,40.38496208,184.6970963
180,259.7940788,204.3789234,231.2183411,215.7563961,159.2592218,214.9210618,136.3424411,213.7454774,147.4044221,207.4632614,40.24146605,184.6711273
181,261.7550975,205.196003,231.4248343,215.5614016,161.1273265,213.945693,135.8646553,213.3298762,151.1969078,207.2920268,43.34061718,185.6716309
182,261.8261088,205.2822857,231.6262033,215.5024831,161.0087924,213.8969464,135.8906207,213.4445521,151.0699155,207.55281,43.57026815,185.8029613
183,264.621542,205.2503138,231.2679439,214.7618494,164.4554176,213.5320139,135.7253268,213.6144636,154.0340186,209.7729464,45.57473087,187.0125537
184,264.6305985,205.2749605,231.2450383,214.7834396,164.4553251,213.5161123,135.7202351,213.6055963,154.0316241,209.7613592,45.59204853,187.0111628
185,267.458137,204.8700733,231.0646482,214.9520922,170.0496398,210.6399536,136.6689372,214.8426895,155.7721542,210.709365,48.27194881,188.8989859
186,267.458138,204.8700733,231.0646482,214.9520922,170.0496398,210.6399536,136.6689372,214.8426895,155.7721542,210.709365,48.27194881,188.8989859
187,271.9652214,204.3016644,231.8262146,214.9446502,176.4469972,205.4080734,136.5724211,214.9330556,156.7343206,211.8434067,50.01201224,189.855566
188,271.9161365,204.283042,231.7300782,215.0195489,176.5205374,205.9535456,136.6801133,215.0374815,156.5583409,211.4996266,49.9871819,189.9333525
189,275.6416302,204.5104275,231.5576587,214.8250506,182.9981174,201.6601958,135.2068458,214.4621289,157.2679051,213.0642308,51.01802188,190.6817846
190,275.5053926,204.3154068,231.6634707,214.7484045,182.8610837,201.7093391,135.2115002,214.4309161,157.6688989,212.9345227,51.0097084,190.6531792
191,277.7718889,205.3982687,231.5663629,215.6160476,190.3705053,201.9196286,135.3087955,214.3179286,156.8066414,213.8412642,51.74510306,190.4265718
192,277.8615779,205.2826309,231.7516947,215.4312055,190.3529091,201.998292,135.221082,214.329915,156.8242532,213.8800255,51.81604373,190.3506279
193,280.3707452,205.6296225,231.2884855,216.0173125,197.1181211,201.784688,136.6494145,213.1540203,156.2761081,214.1064515,53.0413698,190.8113241
194,280.2083206,205.4314699,231.3141811,216.2543836,197.3872061,201.2263126,136.7342234,213.3741045,155.945389,213.9722282,53.0033958,190.9348307
195,283.6053608,205.1727533,230.8737485,216.4067163,203.8037977,201.6884503,135.6897235,214.0109112,155.9015747,214.2494442,54.87009048,191.0923882
196,283.6044585,205.1574574,230.862699,216.391274,203.7976422,201.6199336,135.6729794,213.9684,154.9867029,213.8804357,54.9880302,191.0207167
197,287.0985804,205.1227436,230.7758062,216.7777538,213.733964,201.9321289,135.3101563,212.1180115,155.227406,214.3675816,57.13082314,191.0006237
198,287.0985804,205.1227436,230.775806,216.7777543,213.733964,201.9321289,135.3101563,212.1180115,155.227406,214.3675816,57.13082314,191.0006237
199,290.223863,205.2975931,230.0168617,215.9117343,224.4451261,201.4203639,137.7717543,212.6294171,156.7883197,214.9331264,59.78007126,191.0621018
200,290.2178392,205.2585211,230.1864641,215.9682264,224.5953679,201.3471026,137.7855625,212.6654238,156.7358989,214.9620438,59.64732838,191.124619
201,292.5051772,205.9924927,232.2057266,214.6067829,230.5276313,202.0766807,139.391485,211.4742451,156.5170782,214.8544705,62.27786255,191.5508232
202,292.5051772,205.9924927,232.2057266,214.6067832,230.5276313,202.0766807,139.391485,211.4742451,156.5170782,214.8544705,62.27786255,191.5508232
203,293.9535645,206.0651121,232.2624922,213.802227,239.3913302,203.1440477,139.3483993,211.464696,152.51472,214.9555285,64.02841806,191.4293492
204,293.9592407,206.0730104,232.3198028,213.7678883,239.5328705,202.9720969,139.2744409,211.391529,152.4606175,214.9114218,64.03504372,191.4112744
205,295.8301229,206.2225885,231.2388163,214.6302681,245.1736788,202.7720385,140.1023864,209.3465934,154.996335,214.9368556,65.0945704,191.1107054
206,295.8301229,206.2225885,231.2388163,214.6302681,245.1736788,202.7720385,140.1023864,209.3465934,154.996335,214.9368556,65.0945704,191.1107054
207,299.6018918,205.9539871,230.9244871,215.3738644,254.7839196,205.1654062,145.9515128,211.1757765,155.3148437,214.8152175,67.24253833,190.5781021
208,299.5627412,205.9442329,230.931,215.3825006,254.8014739,205.1750507,145.9428182,211.199841,155.2035584,214.7820685,67.26840281,190.6870594
209,302.3903232,205.7555332,230.5873854,215.1016362,261.6951427,206.6956861,225.5871649,213.9052448,155.8328571,215.4546785,69.90073895,189.9918737
210,302.2125039,205.7141438,230.4957538,215.1371093,260.1400083,207.5613871,225.4293413,213.842494,155.7808571,215.3523815,69.84763384,189.9099169
211,305.603219,205.3389378,230.9949572,215.4389105,264.0467119,208.9128184,224.9641247,212.6766749,155.9217916,215.7367182,72.84014463,190.2002144
212,305.6092792,205.3415298,231.0372174,215.3388281,264.042336,208.9140439,224.9197512,212.6578621,155.9338503,215.7125823,72.83941746,190.1982861
213,308.2294734,205.5185814,231.0525708,215.518281,266.9280219,212.1008787,224.6075268,212.4774243,156.1481915,216.1707687,76.67693889,190.3773069
214,308.1840014,205.5580206,231.0779288,215.5265903,266.9161458,212.073,180.6013618,209.1238737,156.132226,216.0613894,76.54717863,190.2571707
215,310.3766079,205.8300619,231.2151952,215.1221972,268.1663037,213.6052265,195.1637145,205.8749737,155.1561594,215.8917046,80.23303747,190.5456147
216,310.3752398,205.8603659,231.2280564,215.1230249,268.1835945,213.6071539,195.2935141,205.8530163,155.1640019,215.8967638,80.21283054,190.556284
217,312.2872453,205.517436,230.1682177,215.1731596,268.0453968,214.4881268,203.816498,203.5179677,155.5938573,215.9057829,82.23667789,190.225153
218,312.2872453,205.517436,230.1682177,215.1731596,268.0453968,214.4881268,203.816498,203.5179677,155.5938573,215.9057829,82.23667789,190.225153
219,316.1789336,204.5481806,230.9887154,215.0598049,268.3281486,214.4472513,211.0854683,203.4392366,155.7882857,215.9549782,85.86784661,187.8966975
220,316.1789991,204.547718,230.9786804,215.0494518,268.3282728,214.4450493,211.0814104,203.4368582,155.7845807,215.9504628,85.87371075,187.8883138
221,319.6674516,203.5555243,231.8267734,214.2513921,267.5121474,214.8121405,218.7375098,204.8487892,156.0731745,215.6420898,89.32502794,186.3211708
222,319.6674516,203.5555243,231.8267734,214.2513921,267.5121474,214.8121405,218.7375098,204.8487892,156.0731745,215.6420898,89.32502794,186.3211708
223,322.7292345,203.6129622,233.1742816,213.1796674,267.4370727,214.9429293,225.5584264,206.5995369,155.9942045,215.3637166,92.8668642,184.0475688
224,322.7124939,203.6085911,233.1644678,213.1738882,267.4223149,214.9683123,225.5540214,206.5926073,155.9988432,215.3653989,92.86723328,184.0488639
225,325.5141155,204.0410604,236.9181506,212.2071711,267.0354081,215.3668909,230.8751194,211.2281566,155.6423349,215.1485868,96.40096712,183.2908041
226,325.5141152,204.0410604,236.9181506,212.2071711,267.0354081,215.3668909,230.8751194,211.2281566,155.6423349,215.1485868,96.40096712,183.2908041
227,328.4811206,204.6006508,239.3686938,213.1484149,267.3562392,214.9435329,231.2804053,211.0867801,154.5367699,214.8717864,98.72902787,182.5799856
228,328.4827847,204.6026726,239.3693247,213.1479515,267.3565208,214.9439468,231.2797372,211.086175,154.538147,214.8726604,98.73996699,182.5815983
229,330.945724,204.2061853,241.1988518,212.61329,267.5400789,215.4964495,230.7648685,212.519598,154.5609107,214.8758194,102.0811436,182.1250505
230,330.945724,204.2061853,241.1988518,212.61329,267.5400789,215.4964495,230.7648685,212.519598,154.5609107,214.8758194,102.0811436,182.1250505
231,335.2773433,202.5669541,243.4831504,211.6021481,267.9676701,215.5828705,231.1610396,212.4485331,155.0891767,214.4903045,104.3443627,181.5048529
232,335.2767382,202.5654869,243.479032,211.6014496,267.9653484,215.5823689,231.1556435,212.4485703,155.0913658,214.4948399,104.714684,181.4590731
233,338.6025329,201.3508968,253.0776089,210.5315945,267.6428778,215.9498558,232.9356375,212.1646957,156.9209756,212.7066966,107.4188311,181.0813656
234,338.6025329,201.3508968,253.0776089,210.5315945,267.6428778,215.9498558,232.9356375,212.1646957,156.9209756,212.7066966,107.4188311,181.0813656
235,341.816727,201.5424795,261.4351825,208.3262963,268.0044212,216.5047703,234.6718035,212.2189655,162.3233,209.3038888,110.7122235,180.01074
236,341.816947,201.543992,261.4288149,208.3256168,268.0061378,216.5077438,234.6756811,212.2232809,162.3242445,209.3045845,110.7083502,180.0128198
237,344.3663173,201.5425839,272.5733809,208.4492369,267.6128025,217.6038523,235.3799131,212.6977491,175.6627162,202.9278898,112.1037536,180.3934727
238,344.3663173,201.5425839,272.5733809,208.4492369,267.6128025,217.6038523,235.3799131,212.6977491,175.6627162,202.9278898,112.1037536,180.3934727
239,346.5245733,201.1942258,274.3912497,208.1491122,267.7780371,217.6229749,234.8198113,213.8381605,189.5437384,199.4371085,114.1559005,181.7587233
240,346.5472054,201.2851105,273.9924273,208.3491168,267.853703,217.8577485,234.9247074,213.8273058,189.4783764,199.6308637,114.0825057,181.9258041
241,349.805665,200.9738212,271.4520195,209.464566,267.7117858,217.5414996,234.7309445,214.5185728,201.6877189,201.8785524,116.6412416,183.3370047
242,349.8561621,201.1990485,275.7582269,209.6137691,267.4406304,217.5994277,234.6974831,214.517272,201.6130667,201.8872218,116.5659918,183.2446051
243,353.0516362,200.6470613,276.0246849,210.9168644,266.9841337,217.4730568,234.3079023,214.1922941,214.2440817,204.137188,118.344564,184.01337
244,353.0312142,200.6641335,275.9886165,210.9926105,266.9419689,217.4757462,234.2368929,214.2700672,214.3077395,204.1512403,118.3871467,184.007575
245,357.0282087,201.1957893,334.3003013,208.3241377,267.8739858,217.2556062,235.3567238,215.7636044,228.9936743,206.6836815,120.5145822,185.0219946
246,357.0282087,201.1957893,334.3003013,208.3241377,267.8739858,217.2556062,235.3567238,215.7636044,228.9936743,206.6836815,120.5145822,185.0219946
247,359.0752721,201.9665084,330.2170334,211.8378525,267.835557,217.6240478,238.1504216,211.757523,239.0304642,211.2833514,123.4078403,185.1817875
248,359.1019893,201.9508648,332.6676424,211.0268016,267.8832612,217.6142426,238.2778521,211.5648555,239.4781177,210.2400469,123.331254,185.1166973
249,362.0051947,203.1371827,331.0541143,212.9138432,268.4105778,216.9390535,243.2093925,210.7384348,240.9764862,211.1615879,125.6304295,186.0094528
250,361.9167705,202.9278054,331.3071637,212.7962341,268.5346966,217.2892289,244.6726515,210.0364345,239.6762028,211.3729413,125.7493823,185.8240299
251,364.5388771,203.4076633,329.0964732,214.536046,266.1898279,216.6036763,234.2567081,212.9825392,257.3455272,209.871891,129.016129,185.7870722
252,364.6393688,203.443615,328.6163225,214.6319673,266.1805654,216.5545211,234.3120065,212.8639078,257.2723737,209.8187518,129.0356436,185.7688203
253,367.520932,204.1571913,330.3786168,214.2268562,265.5751629,215.9768004,234.600718,212.2377663,259.7865184,211.4600875,132.8945352,185.9315457
254,367.5254488,204.2200422,330.0916482,214.5707922,265.7081923,216.0616088,234.324769,212.7286568,259.7042617,211.6522846,132.7993524,186.1087542
255,370.9302858,204.9689054,330.1431396,214.6690111,266.5697989,214.4773293,235.1817098,212.2919636,260.5901831,212.0739758,135.8191836,186.2538395
256,370.9237722,204.9754381,330.1418488,214.7201443,266.6500435,214.4131889,235.1868191,212.2365055,260.7547323,212.0542563,135.8482306,186.3007541
257,373.7787108,204.6310968,330.4118899,214.9932947,270.4008093,213.4859638,234.3436975,212.1956873,261.569878,212.3351183,137.8712254,185.8381953
258,374.0513473,204.6470909,330.3124959,215.2270908,270.515512,213.4649734,234.4505643,212.1511946,261.7858834,212.3885288,137.8404632,185.9403887
259,377.6935267,204.2257328,330.5016097,214.4526243,274.9318194,209.5554023,235.1034656,212.321104,263.7180367,213.1327448,140.5480556,185.1932702
260,377.691659,204.2255106,330.5176429,214.458909,274.9346033,209.5577521,235.10356,212.3204336,263.7200601,213.1339464,140.5478354,185.1932325
261,382.0466518,204.3493547,329.9726887,213.5247322,286.9207425,201.2032142,234.01393,213.4316816,265.5365334,214.7270238,142.4084191,185.8356047
262,382.1267493,204.3321066,329.8442211,213.4649944,286.4712088,201.371891,233.6472859,213.5203314,265.4500976,214.6103401,142.3547831,185.7111483
263,385.24541,203.8601718,328.8527675,212.7700884,295.3261364,199.1264431,235.9723116,213.5854664,266.2181759,214.9390106,144.7354407,185.957922
264,385.1952481,203.8987308,328.8534241,212.8507491,295.2825778,199.1049881,235.9201616,213.5236645,266.2225862,214.9828408,144.7587075,185.9733315
265,387.8018826,203.7204514,330.8025031,214.6887772,306.6501317,198.061367,235.8810518,212.595541,266.7003293,214.3695285,147.4139986,186.0165644
266,387.8018826,203.7204514,330.8025031,214.6887772,306.6501317,198.061367,235.8810518,212.595541,266.7003293,214.3695285,147.4139986,186.0165644
267,390.2868185,203.7623549,329.5621018,214.7712665,320.8701229,200.2061162,236.7506272,212.6982784,265.4406781,214.663276,150.6274047,186.64852
268,390.2862108,203.763473,329.5601411,214.7730556,320.8661914,200.2074356,236.7485756,212.6998196,265.4394345,214.6613493,150.6336706,186.6467919
269,392.2857704,203.7563791,330.0953541,214.5026968,329.9910388,199.719877,239.7561259,212.301624,263.288862,215.7797418,153.6769714,187.7808809
270,392.2857704,203.7563782,330.0953541,214.5026968,329.9910388,199.719877,239.7561259,212.301624,263.288862,215.7797418,153.6769719,187.7808809
271,395.0256453,203.6171088,330.3799424,213.2475418,340.0070964,199.2508812,241.5759497,208.6247334,262.5075767,215.5150292,155.8680849,189.1988888
272,395.0279841,203.6161804,330.3721752,213.247383,340.0075303,199.2491856,241.5757132,208.6235445,262.5009899,215.5079453,155.8728017,189.1952066
273,397.742165,203.5922112,330.0103087,214.3150995,349.0076683,198.9827125,242.6098505,203.4327312,263.2580326,214.9311993,159.6988671,190.1763277
274,397.742165,203.5922112,330.0103087,214.3150995,349.0076683,198.9827125,242.6098505,203.4327312,263.2580326,214.9311993,159.6988671,190.1763277
275,399.993695,203.8723078,329.4333329,215.2736359,362.009048,202.1758251,248.7311249,202.0079446,263.1493556,214.4703982,163.1784396,190.3181248
276,399.9960318,203.8703685,329.4312887,215.2734821,362.0096545,202.1760821,248.734611,202.0119963,263.1503801,214.4745417,163.1761851,190.3181944
277,401.9536948,203.906209,329.6551948,215.4304554,367.4598005,205.0743952,324.0670853,212.7117763,264.3724427,214.3686082,167.1853712,190.361002
278,401.9536948,203.906209,329.6551948,215.4304554,367.4598005,205.0743952,324.0670853,212.7117763,264.3724427,214.3686082,167.1853712,190.361002
279,404.3490342,204.1956873,329.9427419,215.6081648,372.5147123,207.8379765,324.0999179,212.704689,264.357295,214.7571952,169.7191808,190.39396
280,404.3489142,204.1951246,329.9434195,215.6077616,372.5144596,207.837636,324.1020851,212.706285,264.3603702,214.7581921,169.7322557,190.3942661
281,407.004324,204.1453152,330.6555033,214.7990062,372.8443388,210.6444259,291.4969817,209.4468837,264.2447276,214.9732556,172.7734029,189.8186731
282,407.004324,204.1453152,330.6555033,214.7990062,372.8443388,210.6444259,291.4969817,209.4468837,264.2447276,214.9732556,172.7734029,189.8186731
283,409.765192,203.4899344,330.8610979,213.9001627,372.4416227,212.2994175,298.7059475,203.4403634,264.1460524,214.3669631,176.0364761,189.3466501
284,409.7651615,203.4907169,330.8616766,213.9080563,372.4411154,212.3012772,298.7070389,203.4425778,264.1471653,214.3706727,176.0378346,189.3441544
285,412.31408,203.313086,328.9781156,213.8766947,372.9945139,213.1423416,306.3005939,203.1854591,263.652652,213.9233036,180.1862031,187.4702854
286,412.31408,203.313086,328.9781156,213.8766947,372.9945139,213.1423416,306.3005939,203.1854591,263.652652,213.9233036,180.1862031,187.4702854
287,416.0957017,203.3559341,329.3436971,214.34747,373.562344,213.629653,314.7520514,203.8638411,263.5563593,214.7752671,183.3733053,186.4315934
288,416.0948696,203.3539872,329.3439941,214.3452103,373.5629667,213.6318779,314.7495577,203.8638091,263.5580578,214.7765913,183.3744068,186.4299412
289,418.6236329,203.2460198,330.2914343,213.4990475,374.277693,213.6829119,321.5131838,203.9707766,263.8788939,214.9363589,187.3455806,185.5839124
290,418.6236329,203.2460198,330.2914343,213.4990475,374.277693,213.6829119,321.5131838,203.9707766,263.8788939,214.9363589,187.3455806,185.5839124
291,420.7093138,203.1083956,332.0051497,213.0126112,374.0439029,213.6973448,326.2285268,207.1911926,263.9024353,214.96138,190.1654422,184.7769256
292,420.7086366,203.1088915,332.0049948,213.0133734,374.0424452,213.6964035,326.2276351,207.1911783,263.9029031,214.9621108,190.1650324,184.7782292
293,423.5896676,203.2640471,335.1887736,215.4281349,373.7383499,214.0840406,328.0394111,209.7536221,264.2322159,215.0158679,194.2814794,185.0599103
294,423.5896676,203.2640471,335.1887741,215.4281349,373.7383499,214.0840406,328.0394111,209.7536221,264.2322159,215.0158679,194.2814794,185.0599103
295,426.3967514,202.7898984,336.3961215,215.6969917,373.8273587,213.6211872,328.1247754,210.0220985,264.009582,215.0087159,198.1079249,185.1229329
296,426.3956037,202.7917042,336.3961041,215.6967757,373.8283304,213.6215029,328.1251493,210.0217304,264.0096664,215.0085552,198.1075974,185.1226783
297,430.2442393,202.6462059,340.8089195,212.7272514,373.5640674,213.3697195,330.5462415,211.5483809,264.2778053,215.2863576,201.7037377,185.4803648
298,430.3411596,202.6508837,341.0377682,212.5209791,373.5010161,213.6324644,330.8996006,211.6633735,264.1536436,215.1219974,201.9574466,185.5461454
299,433.5990653,202.8247671,346.305226,208.2477994,374.1838408,213.2081051,332.8308436,212.2938919,264.5214257,214.6872365,203.8678045,186.2643199
300,433.7559943,202.7920284,347.273919,208.4257431,374.129607,213.3106937,332.7541388,212.3857059,264.732048,214.5579226,203.7891216,186.3611627
301,436.3682671,202.9267602,352.8991909,207.4349835,374.3443656,214.2066765,332.6011143,211.5762253,265.601244,212.0425272,208.0327039,186.6452966
302,436.2087288,202.8759131,353.6837914,207.8193429,374.3183379,213.9309511,332.6402939,211.8749194,265.226069,213.0128361,208.0230894,186.5814729
303,438.0966721,203.6397576,355.6110913,208.0914381,373.8768532,214.8625793,332.5227162,211.9614387,268.7386659,210.2186089,210.4305778,186.5521579
304,438.1196747,203.6333456,355.7261774,208.0779173,373.8390069,214.8610086,332.5703571,211.9877987,268.747143,210.1974058,210.4666462,186.5254874
305,441.1295252,203.094933,378.8815471,204.8193475,373.0533904,215.8909206,334.8813434,213.2204189,275.0949286,206.6924028,214.05318,186.3218207
306,441.1295252,203.094933,378.8815471,204.8193475,373.0533904,215.8909206,334.8813434,213.2204189,275.0949286,206.6924028,214.05318,186.3218207
307,443.4139743,202.3334117,389.2740922,201.7621222,374.257776,216.4345255,334.5338154,213.713212,285.5482745,200.0488143,216.5894475,186.6452355
308,443.4208651,202.316433,389.3058034,201.7902207,374.2204654,216.4167118,334.6662695,213.6893377,285.8141432,199.5794775,216.3582091,186.6636996
309,446.4197335,201.2575788,385.8429339,203.9424196,373.6393846,216.4497213,334.0571914,213.2798252,296.1303864,197.4576864,219.4507523,187.9928069
310,446.4467933,201.1764679,386.4164456,203.9095374,373.4812934,216.3346272,334.0264723,213.3589554,296.1476789,197.6120262,219.3847666,188.0242023
311,449.7553592,200.4982963,381.6922376,205.7286277,373.677223,216.3752985,334.4122577,213.6927185,306.2940031,197.9542513,220.9350604,188.6205492
312,449.7969527,200.4998446,381.7880514,205.6930332,373.6852441,216.3858757,334.5013123,213.9236193,306.1482458,198.1318979,220.9214718,188.6566668
313,452.0330232,200.205287,382.2967725,206.0289278,374.1209588,216.4821434,333.5029584,214.2699528,321.65556,199.3445408,223.7572424,189.9143124
314,452.1639018,200.2258682,382.1853385,206.1370263,373.8394448,216.3555641,332.8856311,214.3409519,320.7619586,198.6777301,223.7896955,189.6833191
315,455.2144251,199.1293287,434.6179276,207.0063612,374.0267711,214.9987593,333.328267,214.3739178,330.7831496,201.5523448,226.531193,190.2026949
316,455.1720936,199.1492872,434.621058,207.0039937,374.0288854,215.0446424,333.3806483,214.3389375,330.6940016,201.4931264,226.5610876,190.1963091
317,459.2391645,198.5261192,438.1734934,208.1902614,373.0972389,213.5868454,346.023505,207.497339,334.7974176,211.5795689,229.7173649,190.2841215
318,459.2391645,198.5261192,438.1734934,208.1902614,373.0972389,213.5868454,346.023505,207.497339,334.7974176,211.5795689,229.7173649,190.2841215
319,461.7010372,198.6367702,439.2273755,211.6119237,373.6765851,213.9033213,355.1703799,206.1076756,336.2702694,213.9596195,232.4264512,190.6716795
320,461.8014909,198.668046,439.3869588,211.8434978,373.6229255,213.8887634,355.1887397,206.08881,336.2676086,214.010478,232.4035072,190.7800617
321,464.4615731,199.8283079,436.4875664,213.8077564,372.2066323,213.9535923,333.8081291,212.4796337,355.0992702,207.5898774,234.1597687,190.8557892
322,464.4615731,199.8283079,436.4875664,213.8077564,372.2066323,213.9535923,333.8081291,212.4796337,355.0992702,207.5898774,234.1597687,190.8557892
323,467.3056755,200.96627,436.5638247,214.9868097,372.4454441,214.6187825,332.0245191,213.0351286,366.0225978,208.5332294,237.5756034,190.8642912
324,467.2651372,200.9784255,436.4890604,214.9710717,372.5737305,214.604919,332.0086307,213.1326456,366.0291653,208.4447522,237.4486361,190.7344656
325,469.6771157,202.3105044,437.4335003,215.4799373,373.6546404,212.9041824,332.3390351,212.6039352,366.9069836,210.8914437,240.7908278,189.8758945
326,469.7193199,202.3855143,437.5208292,215.4920828,373.6905212,212.9111586,332.4719505,212.684123,366.8636174,210.8416904,240.7271852,189.766161
327,473.4713073,203.7123232,438.4322586,215.0136693,378.5853208,210.6796346,333.2467756,213.0385494,368.1608086,210.9012713,244.2463508,189.5613623
328,473.4801021,203.7103262,438.4159856,215.0038223,378.6528865,210.66186,333.2432656,213.0175905,368.1763165,210.886692,244.2556949,189.5687008
329,478.2410433,203.9289408,439.640516,215.1251929,383.9490108,207.52983,333.4284732,212.9518404,369.1288996,211.4475741,246.576967,189.5285225
330,478.2410433,203.9289408,439.640516,215.1251929,383.9490108,207.52983,333.4284732,212.9518404,369.1288996,211.4475741,246.576967,189.5285225
331,482.0373149,204.2794437,438.3496029,215.0399961,395.3890443,201.4795175,332.7383155,213.4664755,371.686358,213.1095886,249.1321607,189.3320904
332,482.0387077,204.2819242,438.3259618,215.0381677,395.4255705,201.4577103,332.7393209,213.4709291,371.6917181,213.0797453,249.1358638,189.3361969
333,485.3447284,204.7152195,437.2956635,215.5585911,404.8829956,200.8247867,333.8814856,213.5075626,371.7585467,213.4807081,251.7026302,189.2711267
334,485.3447284,204.7152195,437.2956635,215.5585911,404.8829956,200.8247867,333.8814856,213.5075626,371.7585467,213.4807081,251.7026302,189.2711267
335,488.8332839,204.9601231,437.8925625,216.1606183,412.1762142,200.3097634,334.5674765,213.5293779,372.2679206,213.1309576,254.7078712,189.1815691
336,488.8332868,204.9603329,437.8927977,216.1606159,412.1769075,200.3099399,334.5685577,213.5249033,372.2657049,213.1303883,254.709197,189.1812668
337,492.6315678,204.4779701,439.2964854,216.6442838,425.4128046,200.7761769,336.9888263,213.4273443,371.0259866,212.7924185,258.611066,188.8983583
338,492.6315678,204.4779701,439.2964854,216.6442838,425.4128046,200.7761769,336.9888263,213.4273443,371.0259866,212.7924185,258.611066,188.8983583
339,495.6489601,203.7311773,438.707082,215.491209,436.9078059,200.1034741,338.0267339,210.2540383,370.7315307,213.366415,262.5770018,189.0744362
340,495.6505966,203.7323999,438.7051928,215.4890094,436.9062949,200.1019206,338.024622,210.2544534,370.7353488,213.366621,262.5775859,189.0741377
341,498.0664897,203.4937625,440.0455718,214.7917469,447.915204,200.4188151,341.1397829,202.57976,370.5972983,213.9194527,265.4403865,189.3577881
342,498.0664897,203.4937625,440.0455718,214.7917469,447.915204,200.4188151,341.1397829,202.57976,370.5972983,213.9194527,265.4403865,189.3577881
343,500.2701075,203.4691682,439.0719695,216.6444211,458.7495422,201.4787421,350.2177114,198.0770788,369.7994592,211.5649915,268.9397908,189.2315826
344,500.268381,203.4622211,439.0630522,216.6498404,458.736237,201.470881,350.2155461,198.0777774,369.8012464,211.5648284,268.9374199,189.2350273
345,503.9693005,203.7929945,437.8985196,217.1653609,469.7053831,205.0194054,360.0917802,202.2626586,370.6328698,213.3939228,272.240674,188.234911
346,503.9693005,203.7929945,437.8985196,217.1653609,469.7053831,205.0194054,360.0917802,202.2626586,370.6328698,213.3939228,272.240674,188.234911
347,507.6729321,203.4535027,438.2903614,216.5510497,475.6446301,207.3241854,432.1479309,212.7572012,371.1216038,213.0709753,276.5952162,187.0146236
348,507.6715064,203.4540563,438.2773798,216.5293598,475.6265425,207.3416686,432.131819,212.7464075,371.1244304,213.0689344,276.5940623,187.0060964
349,512.2368655,202.9752431,437.9613804,215.9036403,476.9745932,210.9782281,432.1297886,212.7847753,371.280961,213.3598843,280.3844633,185.8767762
350,512.2368655,202.9752431,437.9613804,215.9036403,476.9745932,210.9782281,432.1297886,212.7847753,371.280961,213.3598843,280.3844633,185.8767762
351,515.2607899,202.9086142,437.9016985,215.4133613,476.7340173,212.6530075,396.8253291,203.3422731,370.7506657,212.7520447,283.7141805,185.1678176
352,515.1745973,202.8865361,437.9415638,215.4329669,476.7073123,212.6593304,396.7989913,203.318844,370.7333318,212.7656116,283.7742314,185.093689
353,517.1361669,203.3986239,436.2144756,214.3064752,477.4421366,213.3279457,407.1596115,202.7121992,370.8462756,212.6801414,287.7820637,183.8627634
354,517.1361669,203.3986239,436.2144756,214.3064752,477.4421366,213.3279457,407.1596115,202.7121992,370.8462756,212.6801414,287.7820637,183.8627634
355,521.1164908,203.5792503,438.0970509,216.6513376,476.6699021,214.058054,416.6706653,202.2913928,371.4422781,213.0054798,291.1340576,182.7263041
356,521.1062803,203.6030369,438.0714221,216.677598,476.6963412,214.0751219,416.6921434,202.3264198,371.4079202,212.937727,291.1598008,182.7355833
357,525.2696581,203.3468595,439.1369333,216.4587765,475.8527317,214.2181044,424.5116258,204.1231699,371.9699953,213.2943888,295.9961579,181.2807026
358,525.2696581,203.3468595,439.1369333,216.4587765,475.8527317,214.2181044,424.5116258,204.1231699,371.9699953,213.2943888,295.9961579,181.2807026
359,528.7858033,202.6385908,439.4822881,216.1175714,476.1405034,213.9305925,429.7835566,208.759728,371.8198014,213.7668667,300.096903,179.9625764
360,529.0486221,202.7111764,439.4364638,215.8185961,475.9177747,213.9868937,429.7273775,208.8227897,371.720312,213.736784,299.7774685,180.0152874
361,531.8234191,202.99014,439.5798197,216.2107496,476.9930906,215.7943916,431.6615255,211.2349772,371.7766467,213.5420628,303.4985299,179.9970264
362,531.7441449,202.9457688,439.7546015,216.204473,476.9886122,215.8412323,431.7490687,211.1894751,371.6585111,213.4073963,303.4445152,180.0310144
363,534.174737,202.0283909,441.1365807,214.7651193,477.5949011,215.733578,433.3817129,211.0761175,371.520488,212.8245163,308.2197134,179.8325887
364,534.1293209,202.0882235,441.1438367,214.7198353,477.5809717,215.7404804,433.3788223,211.0965614,371.5494067,212.8173351,308.2193198,179.8474979
365,537.9302588,200.8319168,444.5450292,212.3737534,477.1027642,214.4680605,435.6514606,210.6221814,372.4748698,211.1230783,311.4104304,180.0077686
366,537.9302588,200.8319168,444.5450292,212.3737534,477.1027642,214.4680605,435.6514606,210.6221814,372.4748698,211.1230783,311.4104304,180.0077686
367,542.4536366,199.086139,449.2027581,211.9825732,477.349421,214.4627857,436.2580695,212.0065374,378.6371031,208.4640169,314.1448284,180.588624
368,542.4429004,199.0955939,449.0836012,212.025848,477.3668396,214.4592533,436.2779983,212.014287,378.6441817,208.1764317,314.296768,180.5236149
369,545.8021426,198.9399393,461.0906497,209.7488713,477.3767972,213.5819149,436.1746517,212.0493736,385.7344289,202.4742656,316.1611624,180.9361569
370,545.5734878,199.0438294,461.8327326,209.8508615,477.5661587,213.5791235,436.7549079,212.0622883,386.0330958,201.7126331,316.3152523,181.0275098
371,547.2054977,199.3493595,466.1992688,211.6223414,477.5834769,214.6053867,436.7259361,212.9759026,397.3164406,197.7625065,318.8165267,182.6323986
372,547.2736108,199.3507471,466.341527,211.6321822,477.4971867,214.7204819,436.7622858,212.9901772,397.3346207,197.761117,318.8814342,182.5598488
373,550.0318971,199.2597933,484.8477325,206.2835793,477.0969067,215.3871775,436.4625322,213.3912802,406.7814164,198.0810261,321.412219,183.1993544
374,549.8132552,199.1970768,483.1769385,211.3319139,477.0396857,215.0432692,436.3775184,213.4034748,407.169786,198.8396292,321.2932978,183.2137945
375,553.3081307,199.2711797,513.4129577,207.3336425,476.3632949,215.294692,437.2053227,213.7231455,415.529551,197.3658829,323.5035191,183.9044652
376,553.4038119,199.238203,513.3713279,207.36133,476.3711867,215.3012791,437.2072719,213.7200136,415.5352764,197.3599157,323.5625739,184.0333076
377,556.1380606,199.7753847,437.7906199,214.6871581,476.5033221,214.4321947,435.5082454,213.7358799,428.1020367,200.60289,326.9835539,185.1577778
378,556.1380606,199.7753847,437.7906199,214.6871581,476.5033221,214.4321947,435.5082454,213.7358799,428.1020367,200.60289,326.9835539,185.1577778
379,559.2997355,199.9926991,532.3993256,205.0610533,477.5317172,213.2256918,438.3877077,212.0831801,440.5816708,207.9474831,330.5050173,186.471983
380,559.2070603,199.9672284,532.3794059,205.0185251,477.5227607,213.2861843,437.8463991,212.075725,440.7596054,207.6966102,330.5190516,186.4900622
381,562.701045,200.7395349,534.78336,209.736784,476.4680962,213.1445656,451.044844,206.3046281,441.4100766,211.477434,333.5416609,187.1595397
382,562.701045,200.7395349,534.78336,209.736784,476.4680962,213.1445656,451.044844,206.3046281,441.4100766,211.477434,333.5416609,187.1595397
383,565.5516281,202.0241418,533.7315354,214.6688309,476.2982298,213.8468676,439.7625968,213.7794952,458.388033,206.9324288,336.7553186,186.8168249
384,565.5544167,201.9891505,533.6714956,214.5956583,476.2817447,213.8178539,439.7035098,213.772438,458.4212378,206.942636,336.8350701,186.8290901
385,568.3753633,202.8653727,533.2017528,214.9648142,475.0388243,212.0484123,436.7233015,213.1241817,467.4509314,204.5270042,340.2986565,185.638711
386,568.3753633,202.8653727,533.2017528,214.9648142,475.0388243,212.0484123,436.7233015,213.1241817,467.4509314,204.5270052,340.2986565,185.638711
387,571.8536482,203.7920737,533.461166,214.2947121,476.8445675,211.73738,436.7515584,212.6939411,471.8507137,208.2020106,344.9832945,185.1574259
388,571.8535094,203.7917814,533.4612676,214.2948751,476.8448834,211.7374668,436.7507622,212.6940308,471.850596,208.2020445,344.9823375,185.1595635
389,574.9425836,204.2041273,533.2706189,213.8570652,479.7667286,209.9712644,436.6841323,212.2050352,472.9042778,209.5661483,348.7704382,183.4737532
390,574.9425836,204.2041273,533.2706189,213.8570652,479.7667286,209.9712644,436.6841323,212.2050352,472.9042778,209.5661483,348.7704382,183.4737532
391,578.7658687,204.7601767,533.1720413,214.3797016,483.6768303,208.0917196,435.9476953,212.2268763,473.9324532,210.9009004,351.135191,182.4898963
392,578.7663903,204.7597961,533.1717727,214.3795366,483.676855,208.0918403,435.9472525,212.2275,473.9320607,210.9010372,351.1384683,182.4910903
393,582.2377064,205.3370724,531.9974128,214.0437946,492.978785,202.8055649,435.9889957,212.9218817,476.3326753,211.9701424,353.6486511,181.6628218
394,582.2377064,205.3370724,531.9974128,214.0437946,492.978785,202.8055649,435.9889957,212.9218817,476.3326753,211.9701424,353.6486511,181.6628218
395,585.2142777,205.4126415,530.2822703,213.3695793,502.5933583,198.2176981,436.0956658,213.0344496,478.0278244,213.4149039,356.4629743,181.2060757
396,585.2143497,205.4137983,530.2818213,213.3701525,502.5936446,198.218338,436.0949977,213.035635,478.0273507,213.4147737,356.4637071,181.2072172
397,588.0610183,205.9422646,533.1328793,215.272748,514.447216,198.4846404,436.6710507,212.7063284,478.2533441,212.7041922,359.2677727,180.8828974
398,588.0610183,205.9422646,533.1328793,215.272748,514.447216,198.4846404,436.6710507,212.7063284,478.2533441,212.7041922,359.2677727,180.8828974
399,590.3265696,205.7125711,532.681428,214.6924083,527.1196294,198.8654666,437.7951258,212.8942564,478.3075507,213.2004871,361.9918737,180.8179073
400,590.3179884,205.7034807,532.6837454,214.6933413,527.1201475,198.8670733,437.7948195,212.8962569,478.3077149,213.2019529,361.9880166,180.823164
401,593.7833991,205.1522741,531.7370338,213.0732889,536.5293798,197.6902447,438.5522025,212.9068338,478.8723531,213.6226282,364.4050615,180.9425888
402,593.7833991,205.1522741,531.7370338,213.0732889,536.5293798,197.6902447,438.5522025,212.9068338,478.8723531,213.6226282,364.4050615,180.9425888
403,597.1469368,204.7707796,532.8633699,213.7329779,547.3274201,198.0384474,440.3844135,211.955317,478.5605752,213.9108311,367.5954692,181.8102446
404,597.1416214,204.7651196,532.8645782,213.7437057,547.3401719,198.0463438,439.4543211,211.9848297,478.5833411,213.9023372,367.5726545,181.8465223
405,600.3537335,204.4498396,532.6529518,215.0821371,558.3171892,199.3592103,465.7247922,209.1702139,478.2764597,214.8626428,370.2925241,183.2688684
406,600.3537335,204.4498386,532.6529518,215.0821371,558.3171892,199.3592103,465.7247922,209.1702139,478.2764597,214.8626428,370.2925241,183.2688684
407,604.2261463,203.5666213,532.4906149,215.685648,567.9659874,201.0308232,445.6857799,204.829767,477.8748422,214.6541235,373.3252212,184.6732473
408,604.2670469,203.5413809,532.5072489,215.6912951,567.9660404,201.0499382,445.7012718,204.8376088,477.8512322,214.6666691,373.3100604,184.6805243
409,607.8227332,202.588305,532.5458485,215.0695133,582.4591448,204.9599335,455.6557016,201.1070223,476.8987655,213.1026218,376.2184334,185.951282
410,607.8227332,202.588305,532.5458485,215.0695133,582.4591448,204.9599335,455.6557016,201.1070223,476.8987655,213.1026218,376.2184334,185.951282
411,611.1169767,201.5148149,533.8749789,214.8993597,587.4613251,206.3199162,464.4511201,199.1714783,475.9732361,213.9469243,378.9229012,187.3525119
412,611.1071486,201.4766288,533.8759505,214.8873358,587.4669262,206.3099725,464.5275807,199.2164731,475.9082651,213.9337023,378.8939357,187.3234425
413,614.0513992,201.1320419,534.3103821,214.1216459,584.4298239,210.5895581,530.3578205,212.1462717,475.4590242,212.9605751,381.5694491,189.0178299
414,614.0513992,201.1320419,534.3103821,214.1216459,584.4298239,210.5895581,530.3578205,212.1462717,475.4590242,212.9605751,381.5694491,189.0178299
415,616.862452,201.4732418,534.5506005,214.1398363,583.5224552,213.3368502,527.4648638,210.5391914,474.8407307,213.2703056,384.9571598,189.2338257
416,616.8570185,201.4783049,534.54914,214.1385736,583.5222261,213.3478069,527.457593,210.5390419,474.8392085,213.272871,384.9485359,189.2395992
417,618.9578462,201.5673327,534.9226732,214.3938789,583.5243971,213.4140778,500.9700135,206.427573,475.1697217,213.1419058,387.9714477,188.6896095
418,618.9578462,201.5673327,534.9226732,214.3938789,583.5243971,213.4140778,500.9700135,206.427573,475.1697217,213.1419058,387.9714477,188.6896095
419,622.3371029,201.8300605,534.301831,213.7617149,583.7891259,214.5840092,509.4346708,203.5867801,474.6925092,212.8934145,391.7078307,188.388032
420,622.2387729,201.8797994,534.2208271,213.9357834,583.7749381,214.6071997,509.4564444,203.8275094,474.8785442,213.0421247,391.7114801,188.4334974
421,625.190299,202.2192669,535.1723859,214.1601181,584.1891127,214.9541216,516.9102973,203.1905966,474.8690449,212.6198139,395.0122228,187.4793353
422,625.119184,202.4361262,535.250627,214.2240858,584.0131974,214.8081417,516.7034321,203.1705589,474.8823373,212.6400976,394.8584647,187.5609884
423,627.5874214,203.3609347,535.7900541,213.7199821,583.7072611,215.022191,524.3733205,205.0557852,475.1915174,213.7274834,398.3668735,187.227994
424,627.6049662,203.3761187,535.7881615,213.7205201,583.7346327,215.0525599,524.390755,205.0689993,475.1911926,213.7251377,398.3729372,187.2659364
425,629.6672482,204.1113968,538.0750184,212.5761938,583.4291234,215.2276354,529.8198843,207.6678925,475.8027215,213.5768911,402.1491623,186.6704946
426,629.6672482,204.1113968,538.0750184,212.5761938,583.4291234,215.2276354,529.8198843,207.6678925,475.8027215,213.5768911,402.1491623,186.6704946
427,632.8071647,204.1062508,538.9012152,211.3921106,583.2993135,215.357686,531.9262243,208.0210409,475.5209508,213.8671801,406.4993787,186.3543091
428,632.8075943,204.1439943,538.954628,211.4742967,583.2680187,215.4696851,531.9278687,208.013113,475.5321674,213.9296043,406.4910769,186.4952292
429,636.1203293,204.0037374,542.8175769,212.3468753,583.6035311,215.2387412,533.5351602,209.333518,475.8641329,213.6646543,410.0798388,187.0893164
430,636.1860573,203.9866204,540.906406,211.8746932,583.7889831,215.1979861,533.6350342,209.0122275,475.811697,213.531574,410.0125136,187.0971537
431,640.0175343,203.4144769,548.2748543,209.0146909,583.0824707,214.7438354,534.0229208,211.1303291,475.6414733,213.4682137,412.6646486,186.8501267
432,640.090076,203.434382,548.21466,209.216557,582.9600041,214.7497056,533.9998479,211.2239771,475.6413169,213.3675389,412.7255917,186.9539623
433,644.018033,203.4560037,555.8722543,207.1776907,583.062649,215.9653203,533.8890676,212.1110039,476.4836426,213.2893466,416.2333961,186.6228571
434,644.2377634,203.4330568,555.6331838,207.0534277,583.0339656,215.6996734,534.0926909,211.6451077,475.8750931,213.1811963,416.0926247,186.445137
435,646.5387542,203.0960536,562.581394,208.212791,583.6478801,216.5643873,534.7097826,213.1441345,478.8099165,211.498992,418.0655408,185.5867062
436,646.5410304,203.0555034,562.4701352,208.3918858,583.6315804,216.5885887,534.6440759,213.1426716,479.305146,211.3924317,418.1614413,185.5712748
437,649.2580147,202.9024467,579.6571169,207.8168507,583.8275914,216.7539883,536.317688,213.4687643,483.8864885,207.3954098,420.7566365,185.1416073
438,649.2580147,202.9024467,579.6571169,207.8168507,583.8275914,216.7539883,536.317688,213.4687643,483.8864885,207.3954098,420.7566365,185.1416073
439,652.1843081,203.1202755,587.3473764,205.3239136,583.1472261,216.9919057,535.9192052,212.916729,493.5371239,201.2765346,423.3037727,186.0717621
440,652.1651516,203.0866542,587.4456646,205.3284988,583.1521313,217.0171065,535.9340451,212.9446602,493.5708309,201.2930937,423.3277419,186.0835538
441,654.4615798,202.3507266,597.1260386,203.0434284,583.4007077,216.676846,536.9181285,212.9894114,505.0787802,198.9373226,426.2168221,187.9373045
442,654.4615798,202.3507266,597.1260386,203.0434284,583.4007077,216.676846,536.9181285,212.9894114,505.0787797,198.9373226,426.2168221,187.9373045
443,657.8592992,202.2167745,606.6327257,201.5274339,582.9003332,217.0946579,536.8323598,213.8638821,515.9748629,198.7785397,429.2195334,189.4784203
444,657.8784513,202.1979518,606.6839938,201.115344,582.8785756,217.0960793,536.9760189,213.8373079,515.8288946,198.8875761,429.1796848,189.4608612
445,659.9564395,202.3804884,620.2284146,202.7987137,583.2180583,217.5634756,535.5374694,214.183996,530.9478134,199.5958357,431.6447368,190.7996936
446,659.9564395,202.3804884,620.2284146,202.7987137,583.2180583,217.5634756,535.5374694,214.183996,530.9478134,199.5958357,431.6447368,190.7996936
447,663.5816255,202.287683,634.5777642,207.0385818,583.0403111,217.3003917,536.6387167,212.9154692,543.4065723,205.5286914,434.6796079,191.983089
448,663.6232934,202.345778,634.5066477,207.058044,583.0391691,217.2963881,536.4636073,212.829749,543.370635,205.5545678,434.6116881,191.8909154
449,666.6978683,202.6720967,638.0486343,208.649497,581.4429458,216.6561155,538.657697,213.5342503,552.6610532,207.4341738,437.3695093,191.6914132
450,666.6978683,202.6720967,638.0486343,208.649497,581.4429458,216.6561155,538.657697,213.5342503,552.6610532,207.4341738,437.3695093,191.6914132
451,670.1164463,202.2709703,640.1345,213.2547083,580.6974382,218.1492968,535.5103421,212.0671225,565.0866674,206.4455452,441.2830238,191.9218733
452,670.1185765,202.271347,640.134789,213.2548094,580.6974916,218.1484113,535.5127485,212.0624409,565.0872928,206.4476042,441.2909403,191.9153194
453,673.1807866,202.4107723,640.2019496,214.8806076,578.1904398,218.3269725,536.0352817,211.8813934,572.571728,209.7985659,444.9007702,191.1482332
454,673.1807866,202.4107723,640.2019496,214.8806076,578.1904398,218.3269725,536.0352817,211.8813934,572.571728,209.7985659,444.9007702,191.1482332
455,676.5782795,202.9363022,640.7353253,215.7460537,579.4360926,217.211391,536.72648,212.9857941,576.335268,211.6224662,448.3932624,189.6683121
456,676.583293,202.947392,640.7289996,215.7372715,579.4419224,217.2271652,536.7318311,212.9836216,576.3502102,211.6211538,448.3981943,189.686986
457,680.1222339,202.6472397,640.662643,215.7157183,580.0697141,216.7561865,536.3892565,213.5918837,578.1713881,212.585406,452.3874547,189.6147861
458,680.1222339,202.6472397,640.662643,215.7157183,580.0697141,216.7561865,536.3892565,213.5918837,578.1713881,212.585406,452.3874547,189.6147861
459,684.1494055,202.5687022,640.7796922,216.0493274,582.7510428,215.6896818,537.3581076,213.4525166,580.8723131,212.096554,455.7522788,188.6280146
460,684.1492577,202.5693955,640.7794194,216.0497766,582.7502468,215.6915085,537.3549981,213.4483662,580.8714273,212.097223,455.7515512,188.6301651
461,688.9381804,201.7236252,641.0291128,216.5726914,586.5707264,212.7381541,537.3662739,213.2554207,580.5298023,212.9634583,458.7800636,187.2313457
462,688.9381804,201.7236252,641.0291128,216.5726914,586.5707264,212.7381541,537.3662739,213.2554207,580.5298023,212.9634583,458.7800636,187.2313457
463,692.103899,201.6832256,641.021904,216.1781745,595.7269328,206.246604,536.7326217,212.9088373,580.6374426,213.2693312,461.1572651,186.5058622
464,692.101615,201.6819973,641.0214114,216.17697,595.7266838,206.246707,536.7332101,212.9092674,580.638135,213.2692323,461.1581469,186.5070896
465,694.425611,202.8133993,640.5438147,216.4874244,608.39996,199.0340726,535.863117,212.589448,579.2030911,214.3069558,463.9735079,186.1284428
466,694.425611,202.8133993,640.5438147,216.4874244,608.39996,199.0340726,535.863117,212.589448,579.2030911,214.3069558,463.9735079,186.1284428
467,697.2785482,203.4499955,640.9038272,216.6680937,617.8685999,198.165771,535.4316313,212.6247358,578.3233948,214.2146463,466.5074501,186.1782365
468,697.279346,203.4332709,640.8720508,216.6810813,617.8867192,198.1693704,535.4325624,212.6178961,578.2902927,214.1958082,466.5126843,186.1725988
469,699.934514,204.1981792,639.9679058,216.8051438,633.3324337,199.646183,535.1268494,212.3717527,577.5796261,214.1304183,470.2077157,186.8091145
470,699.934514,204.1981792,639.9679058,216.8051438,633.3324337,199.646183,535.1268494,212.3717527,577.5796261,214.1304183,470.2077157,186.8091145
471,702.255543,204.361002,639.421428,215.2416441,642.0627162,198.5944138,535.7041826,212.4835596,577.6251807,214.2919557,473.1231146,186.4478374
472,702.194355,204.3377905,639.4595091,215.1468465,642.1036326,198.6792946,535.6928706,212.5055914,577.6122866,214.2706459,473.0750885,186.4380074
473,705.3019152,204.5872889,639.2729845,213.7740279,652.5556584,198.5306263,538.5877953,209.2430272,578.3736014,214.6007876,476.0139525,186.1529846
474,705.3019152,204.5872889,639.2729845,213.7740279,652.5556584,198.5306263,538.5877953,209.2430272,578.3736014,214.6007876,476.0139525,186.1529846
475,707.3877536,205.6941357,638.8280692,215.5064003,663.5899966,197.1363258,543.457098,204.4969119,578.0235929,214.4493592,479.7510891,186.5967956
476,707.4472578,205.7490387,638.8376532,215.5088155,663.5835619,197.1396217,543.4574873,204.4888695,578.0399346,214.4494319,479.7615318,186.5842485
477,710.4350917,205.3792906,639.6609566,215.853884,672.920094,200.6269722,551.8161981,199.6373858,578.8284559,213.0969439,483.2905101,187.1409225
478,710.4350917,205.3792906,639.6609566,215.853884,672.920094,200.6269722,551.8161981,199.6373858,578.8284559,213.0969439,483.2905101,187.1409225
479,713.9640832,204.7699451,640.1594276,217.0236969,684.284578,202.0402827,563.5603354,199.5824776,579.0645775,212.5886192,486.173039,188.248064
480,713.8803606,204.7656794,639.701298,216.7031074,683.3308206,201.2363338,563.5480312,200.1170306,578.6229109,212.2390976,486.2025931,188.2550678
481,717.1194017,203.6520929,640.0333567,216.4971385,692.5037915,203.4522266,572.382515,206.4894719,580.3871947,213.2119875,489.0025845,189.1145506
482,716.9406824,203.4910254,639.8726881,216.577126,692.3007178,203.368937,572.2558155,206.525646,580.3089736,213.1773558,489.1511736,189.1876307
483,721.5247364,202.6315942,640.0426931,216.611753,694.9850705,206.7105198,636.9528551,214.9090848,579.7942411,212.489707,491.5837132,189.6996241
484,721.527389,202.6346211,640.04566,216.5865703,694.9750736,206.7127037,636.9586525,214.8954296,579.8249626,212.4874468,491.5833921,189.6613913
485,724.4778156,201.6642108,640.6074762,215.8487284,696.4050798,207.7508976,602.1462617,205.1350392,579.1238375,212.1861572,494.8263059,189.4965477
486,724.4778156,201.6642108,640.6074762,215.8487284,696.4050798,207.7508976,602.1462617,205.1350392,579.1238375,212.1861572,494.8263059,189.4965477
487,726.6119037,201.5756254,639.6405454,214.9969051,698.7589974,204.9564981,612.0942329,204.4074154,579.0460654,211.5898409,498.2909427,187.2318096
488,726.5911129,201.5733542,639.6180108,215.0658443,698.7174978,204.943408,612.067538,204.3993502,578.9693189,211.5610228,498.2691588,187.2779598
489,731.3803234,201.5281005,639.6353393,215.3217473,712.5815248,204.9425595,621.1569569,204.0811157,579.2397684,211.8821774,502.3955975,184.9028263
490,731.3803234,201.5281005,639.6353393,215.3217473,712.5815248,204.9425595,621.1569569,204.0811157,579.2397684,211.8821774,502.3955975,184.9028263
491,735.0834122,199.9328215,640.4701085,214.8823748,723.6136533,204.7535436,628.3607879,205.6767235,580.3833119,212.1790085,505.7313657,183.1702788
492,735.05445,199.9570816,640.4362612,215.0785093,723.2323803,204.1321684,628.3274249,205.7716589,580.3268959,212.1466465,505.7340264,183.1485314
493,740.8873463,198.6758075,639.8955483,214.4908054,727.3874125,208.1728053,632.6180038,208.6639085,580.7057621,212.1720581,510.4177415,180.7596958
494,740.8873463,198.6758075,639.8955483,214.4908054,727.3874125,208.1728053,632.6180038,208.6639085,580.7057621,212.1720581,510.4177415,180.7596958
495,744.6328049,199.2076654,642.3240582,214.74036,730.3246002,211.664959,634.8382822,210.8669882,580.6681074,211.4397531,516.3724974,178.0710502
496,744.7020864,199.1835885,642.1232039,214.8065856,730.2823277,211.7819853,634.7697275,210.9101043,580.6187993,211.3699656,516.3879063,178.111825
497,750.8864141,197.7251263,645.7244763,213.1640948,729.944557,215.7516804,637.4045379,211.6427708,582.9483202,211.1550169,520.6871581,176.2625732
498,750.8864141,197.7251263,645.7244763,213.1640948,729.944557,215.7516804,637.4045379,211.6427708,582.9483202,211.1550169,520.6871581,176.2625732
499,756.2222553,198.0707874,651.7680091,211.0321864,732.7543955,215.1245661,640.1345067,211.3861837,584.6618447,210.0240335,525.7627225,173.5552386
500,756.2108647,198.056531,651.6562751,211.0330384,731.2099013,216.4693422,640.0406713,211.3172178,584.8171921,209.9714077,525.8068447,173.5557427
501,760.4467883,197.9080012,658.4801559,210.3270602,732.9050455,216.1306806,640.2021484,212.5467987,590.2701898,203.9705005,529.2708192,171.7149069
502,760.4467883,197.9080012,658.4801559,210.3270602,732.9050455,216.1306806,640.2021484,212.5467987,590.2701898,203.9705005,529.2708192,171.7149069
503,766.8471017,199.3800175,672.8554177,209.0545239,733.4090195,215.9747267,640.743391,212.9167547,598.7308481,199.3951559,533.5691794,171.1777353
504,766.9750226,199.2730105,672.7659068,209.0926347,733.3636599,215.9841816,640.6287847,212.9941921,598.7645433,199.3297048,533.5736324,171.1686778
505,771.2782383,199.6424274,684.4391187,206.5275223,732.9152784,215.8142946,639.5597296,212.3769083,606.8288274,195.6904826,537.8284807,171.3357172
506,771.2782383,199.6424274,684.4391187,206.5275223,732.9152784,215.8142946,639.5597296,212.3769083,606.8288274,195.6904826,537.8284807,171.3357172
507,775.9276681,200.5239539,692.1404912,204.8072119,732.5330944,215.7908835,640.3265829,211.7720752,618.8056245,190.298315,540.5582865,173.0072117
508,775.8452582,200.5080018,692.2114065,204.8533983,732.5910826,215.7987108,640.3590827,211.7102194,618.8221047,190.3161421,540.5512627,173.0062695
509,779.4278522,201.58355,717.6177776,211.3572466,732.6360264,215.218189,642.9835043,211.8701796,639.5908408,208.8048801,544.2269568,174.218446
510,779.4278522,201.58355,717.6177776,211.3572466,732.6360264,215.218189,642.9835043,211.8701796,639.5908408,208.8048801,544.2269568,174.218446
511,784.3633633,201.1612372,722.4775591,212.4330828,729.8805885,218.1579394,639.9915466,212.6382093,645.7451167,196.0125618,547.3492837,175.5906296
512,784.3658915,201.1629968,722.475473,212.43072,729.8782611,218.1597128,639.9955122,212.6449156,645.7790691,196.0086375,547.3490968,175.5924289
513,787.3959231,201.6000457,726.474818,216.6274352,731.8181641,221.6563975,639.2193623,213.823658,657.3414748,197.8628463,551.067148,177.1529465
514,787.3959231,201.6000457,726.474818,216.6274352,731.8181641,221.6563975,639.2193623,213.823658,657.3414748,197.8628463,551.067148,177.1529465
515,790.8462274,201.6666474,731.5334327,222.9114103,725.6479028,224.9089389,639.566649,213.0059816,667.8011379,197.7723343,554.9702873,178.7250185
516,790.8537037,201.6695447,731.4916917,222.9099312,725.6613663,224.9188545,639.5585463,212.9983022,667.7930824,197.7786036,554.9656296,178.7209716
517,794.2888417,203.4519005,731.593527,226.5687641,722.3143712,228.8090877,637.9806488,214.2132235,687.3326888,203.0961943,559.0033941,177.986299
518,794.2888417,203.4519014,731.593527,226.5687641,722.3143712,228.8090877,637.9806488,214.2132235,687.3326888,203.0961943,559.0033941,177.986299
519,800.3290615,205.3827152,768.6898665,214.0179162,723.3447762,230.0288773,637.6530354,213.3159058,704.7754502,204.2450762,564.6929089,174.8011801
520,800.3286238,205.3833065,768.6900237,214.0161784,723.3503663,230.026958,637.6933023,213.3211781,704.7771196,204.243639,564.6944419,174.7954576
521,805.3036532,205.5419054,768.6818218,217.2931051,726.6316581,229.6822087,640.2591217,213.701351,718.3115783,216.0349722,571.1433304,171.0079732
522,805.3036532,205.5419054,768.6818218,217.2931051,726.6316581,229.6822087,640.2591217,213.701351,718.3115783,216.0349722,571.1433304,171.0079732
523,810.5777006,207.0062504,768.6037197,217.0459466,725.1894436,226.018033,641.0680695,213.5728599,719.3816011,214.1086686,579.3423829,166.2017031
524,810.5790129,207.0124776,768.6047511,217.0482936,725.1899713,226.016818,641.0682673,213.5762016,719.3816068,214.1067874,579.338037,166.2010071
525,819.2579055,208.5127592,770.2405181,220.2461338,728.8513651,223.9558716,716.8271551,221.3523607,637.6847951,211.5232114,587.7873992,161.4741368
526,819.2579055,208.5127592,770.2405181,220.2461338,728.8513651,223.9558716,716.8271551,221.3523607,637.6847951,211.5232114,587.7873992,161.4741368
527,822.2377069,207.9813402,769.674017,223.5658965,730.4439138,223.6003716,718.3595634,225.4121165,637.9205508,213.2437696,595.6380049,157.338558
528,822.2363365,207.9795933,769.674583,223.5540035,730.4353454,223.6007595,718.3539686,225.4053049,637.9190918,213.2434783,595.6387017,157.3363082
529,827.2100916,207.1329393,770.3072802,222.1991434,758.780597,213.8186476,719.5823224,230.709568,720.6397641,239.136714,602.3250524,154.5414853
530,827.2100916,207.1329393,770.3072802,222.1991434,758.780597,213.8186476,719.5823224,230.709568,720.6397641,239.136714,602.3250524,154.5414853
531,833.1782789,207.6888294,766.1884732,225.273102,779.2916647,210.2561578,713.2833738,241.1758933,716.8849375,247.7659502,610.1128006,155.8882365
532,833.1795797,207.6906152,766.186625,225.2684953,779.2815485,210.2586604,713.27384,241.1913652,716.9013842,247.7849669,610.098951,155.8907022
533,835.4818807,207.5967174,765.4501785,224.3734689,788.4068032,212.9232839,714.2506795,242.5617647,717.9339792,258.3150499,616.3271413,160.7838278
534,835.4818807,207.5967174,765.4501785,224.3734689,788.4068032,212.9232839,714.2506795,242.5617647,717.9339792,258.3150499,616.3271413,160.7838278
535,842.9699349,208.5765162,764.1643818,224.1025462,817.0941916,210.8482051,756.2090335,221.6920211,720.635155,263.1052165,626.84811,175.9207625
536,842.9792929,208.5861535,764.1633211,224.1029787,817.1022751,210.8544893,756.2064438,221.6915148,720.6376891,263.112884,626.8149171,175.8830113
537,846.7861695,208.6231966,760.4605181,224.6863377,815.0538571,214.4279134,718.3331144,258.1235032,721.7825484,260.4129468,644.7604792,197.5438414
538,846.7861695,208.6231966,760.4605181,224.6863377,815.0538571,214.4279134,718.3331144,258.1235032,721.7825484,260.4129468,644.7604792,197.5438414
539,851.1823605,208.5472708,817.10078,218.6820467,815.9694195,215.0849218,709.9950172,243.9106985,711.9150555,258.3011234,674.0334042,212.2946983
540,851.2584224,208.4540925,817.1718512,218.741302,815.8907347,215.087713,710.0986328,243.9948742,711.5951638,258.2836151,673.1964636,212.8172449
541,854.5961483,206.3987448,814.1975858,220.2449561,819.6249654,214.5933299,698.3101139,251.2104418,705.2095661,250.9782925,616.2659626,210.7627246
542,854.4820485,206.5295153,813.7983094,220.5459351,819.9257696,214.7567804,697.3670878,251.3764414,704.5697317,251.039804,613.6639982,210.1503799
543,857.0752459,205.2833748,817.1990485,218.3876522,824.320365,215.9275734,771.243041,216.610177,698.120075,249.9991999,626.2769395,211.3313746
544,857.0733395,205.2818089,817.1954496,218.3820186,824.3167942,215.9336746,771.2378693,216.6127872,698.0777339,249.9986153,626.2317141,211.3720823
545,858.6961187,204.3790665,781.8329903,220.0025107,826.2867997,215.363498,693.7693331,241.4967468,695.2437201,245.4784987,631.1968567,211.8335737
546,858.6961187,204.3790665,781.8329903,220.0025107,826.2867997,215.363498,693.769333,241.4967468,695.2437201,245.4784987,631.1968567,211.8335736
547,861.585871,203.6458516,819.6217667,218.2526226,810.8656194,221.1996512,748.2461755,217.9050155,694.9107206,238.5512743,633.5093431,211.4593536
548,861.6321591,203.788177,820.4383565,217.4899797,810.7413321,221.1283717,748.3687795,217.9010406,694.8467264,238.4380436,633.3914933,211.4839351
549,863.8629308,203.5422106,818.2285293,217.513593,786.0705695,216.5711644,745.8073223,218.2002972,725.1430507,215.6796255,635.1149693,211.4734367
550,863.8629308,203.5422106,818.2285293,217.513593,786.0705695,216.5711644,745.8073223,218.2002972,725.1430507,215.6796255,635.1149693,211.4734367
551,864.9314208,204.327467,826.571129,215.3809748,803.7334891,221.7502412,745.2002313,218.5477266,725.6313337,214.5271397,635.4196979,211.9724897
552,864.816431,204.2888803,826.8991573,215.2244225,804.0099733,222.6645689,744.6991274,218.6132849,725.6193647,214.5770323,635.4013672,211.8728735
553,865.8688655,204.550108,827.6686159,214.3601439,800.4525297,223.8937893,745.9815307,217.2567201,719.8754041,209.7079787,641.7870312,212.2344689
554,865.8688655,204.550108,827.6686159,214.3601439,800.4525297,223.8937893,745.9815307,217.2567201,719.8754041,209.7079787,641.7870312,212.2344689
555,867.632133,204.2048779,833.3443406,213.7249434,799.0385666,224.8532124,750.5522892,216.9395156,722.5209775,204.7623177,643.0882663,212.4712945
556,867.5684251,204.1963425,833.4045002,213.7010179,799.0099072,225.0228403,750.5075321,217.1380415,722.9913863,205.0040176,643.1826053,212.4347644
557,870.1803148,203.3348122,839.3702202,214.7484527,800.3684478,225.6922531,752.0722916,218.9915038,750.325799,208.7689817,643.2383515,212.5943132
558,870.1803148,203.3348122,839.3702202,214.7484527,800.3684478,225.6922531,752.0722916,218.9915038,750.325799,208.7689817,643.2383515,212.5943132
559,874.5053916,202.7517657,841.0378842,216.32618,799.6176646,226.5236838,754.2883781,218.3929757,755.4934827,208.028862,643.8670782,212.0929333
560,874.4143682,202.7004604,841.1182318,216.2516289,799.6256199,226.5233986,754.2960858,218.3647352,755.5076187,208.0302143,643.9292397,212.0706395
561,878.545728,202.1009002,843.4329631,215.1787498,798.8654759,225.5389116,757.806784,215.6543198,751.3086967,218.8612739,653.2924706,210.8993742
562,878.545728,202.1009002,843.4329631,215.1787498,798.8654759,225.5389116,757.806784,215.6543198,751.3086967,218.8612739,653.2924706,210.8993742
563,884.2134304,202.9668813,845.6726096,215.5050688,800.0858722,227.4897217,751.4532642,220.3391884,785.1839221,209.7664824,656.8384514,211.852551
564,884.1972542,202.9425993,845.6853721,215.4889231,799.7222986,227.2197362,751.3545175,220.3895337,785.2724452,209.8257475,656.8202634,211.835898
565,888.5807986,202.9898691,850.5789535,215.1638768,798.029453,230.1116359,745.8560226,223.1365607,793.5167894,217.3141918,654.9655988,211.7188437
566,888.5807986,202.9898691,850.5789535,215.1638768,798.029453,230.1116359,745.8560226,223.1365607,793.5167894,217.3141918,654.9655988,211.7188437
567,893.4690571,203.7344213,850.9796268,214.8316371,816.9217513,217.9196577,747.0890533,222.3827024,792.5514371,228.4717272,659.9089383,212.0474287
568,893.4752191,203.7311487,850.9948905,214.7989976,816.8806148,217.8906851,747.0588595,222.400429,792.6453199,228.4356967,660.7844797,212.0507157
569,897.8631721,203.4144282,853.5677978,213.6977851,816.6228967,217.5992169,745.5698109,221.1364646,796.109673,225.8255723,658.4897674,210.9824808
570,897.8631721,203.4144282,853.5677978,213.6977851,816.6228967,217.5992169,745.5698109,221.1364646,796.109673,225.8255723,658.4897674,210.9824808
571,901.0067787,203.659482,852.3987917,214.0821311,818.9953597,216.5627708,742.7351291,221.8665322,801.0302408,216.733294,660.100582,210.2208594
572,900.9440923,203.6577334,852.3971624,214.0875201,818.9945183,216.5646777,742.7473609,221.8676529,801.0304534,216.731524,660.0902376,210.1596618
573,904.6418366,201.5025954,852.1828202,214.2976286,829.3341162,213.0398061,743.2186358,223.3604009,804.3742299,219.1825485,670.7199841,210.2184597
574,904.6418366,201.5025954,852.1828202,214.2976286,829.3341162,213.0398061,743.2186358,223.3604009,804.3742299,219.1825485,670.7199841,210.2184597
575,912.4377208,201.9470806,849.2891421,213.8629396,826.3106928,213.4103698,742.0343728,222.6434474,806.7111673,217.1242261,667.9182165,210.8922181
576,912.4438753,201.9458852,849.2872448,213.8620055,826.3097254,213.4102471,742.0305784,222.618875,806.7079463,217.1251731,667.9271311,210.8830682
577,917.647541,203.3477311,847.5328264,214.0289335,831.0846114,210.5754511,742.7074142,222.9043658,804.4043659,216.4553661,671.8477721,210.3323424
578,917.647541,203.3477311,847.5328264,214.0289335,831.0846114,210.5754511,742.7074142,222.9043658,804.4043659,216.4553661,671.8477721,210.3323424
579,920.6744833,202.4590321,848.3218322,213.4795842,831.482425,206.4535787,742.8645217,221.2041863,799.7037592,218.5171304,673.4975801,209.7809675
580,920.6763811,202.4638333,848.3789978,213.5137643,831.5205729,206.4682055,742.86132,221.2044245,799.7079701,218.5210352,673.6513603,209.7312982
581,922.3488293,200.8784943,846.6728516,214.5459771,844.4772652,204.9474411,744.4191861,217.7476439,798.6586442,217.8474765,697.5647492,207.6492658
582,922.3488293,200.8784943,846.6728516,214.5459771,844.4772652,204.9474411,744.4191861,217.7476439,798.6586442,217.8474765,697.5647492,207.6492658
583,920.9093781,200.1127949,846.2229109,213.3757963,854.9520962,200.9674258,749.5884264,215.4937801,798.838553,216.8834424,697.9311364,208.4128356
584,920.9063883,200.1133618,846.2223561,213.3741608,854.9525785,200.9698038,749.5834901,215.5039067,798.8392031,216.8891563,697.9046986,208.4002595
585,921.5202827,201.0931787,845.9486368,212.1031666,863.3744717,197.7302622,753.5910969,212.0953884,798.6660819,216.6671481,698.05002,208.0910029
586,921.5202827,201.0931787,845.9486368,212.1031666,863.3744717,197.7302622,753.5910969,212.0953884,798.6660819,216.6671481,698.05002,208.0910029
587,920.6949625,202.0599113,846.8382401,212.9061022,869.7312973,197.0125284,757.4944462,208.6873965,799.2057552,217.8299036,690.9892057,208.6646824
588,920.6867142,202.0628414,846.8446331,212.9152517,869.7252474,197.0091953,757.4966103,208.6885667,799.1923718,217.8411155,690.9574502,208.673034
589,918.9685984,202.6420227,847.0617881,213.3670769,879.7846785,197.8944178,763.1302605,205.1828623,799.0487471,218.345726,690.7893345,208.6054056
590,918.9685984,202.6420227,847.0617881,213.3670769,879.7846785,197.8944178,763.1302605,205.1828623,799.0487471,218.345726,690.7893345,208.6054056
591,915.6999049,198.9466045,846.6300027,212.9118223,886.1843436,197.7228785,770.7139978,204.1730199,798.7902014,217.6567228,692.1287192,210.1124344
592,915.7000189,198.9425514,846.6315427,212.9128351,886.181932,197.7215214,770.7140732,204.1722184,798.7894394,217.6553116,692.1247725,210.1104839
593,914.3704152,198.4284091,846.8493607,212.1783937,891.40128,196.8283292,837.9789906,209.6652412,799.5386684,218.8277421,691.6142915,210.2128489
594,914.3704152,198.4284091,846.8493607,212.1783937,891.40128,196.8283292,837.9789906,209.6652412,799.5386684,218.8277421,691.6142915,210.2128489
595,914.608747,198.0115168,845.6521912,212.7234325,896.1662426,197.8149248,827.6066433,211.3510321,799.8346231,219.0559764,690.7194493,209.4597325
596,914.5970106,198.0036271,845.6416,212.7021933,896.1731572,197.8197991,827.5833638,211.3489544,799.8203299,219.0858412,690.6345816,209.4773183
597,918.7037773,197.3665863,844.5250006,212.8325181,899.3657279,197.4113429,828.1159199,212.0423964,799.1927145,219.681983,686.9694822,208.3429871
598,918.7037773,197.3665863,844.5250006,212.8325181,899.3657279,197.4113429,828.1159199,212.0423964,799.1927145,219.681983,686.9694822,208.3429871
599,922.0607529,198.9436905,845.2120293,213.038043,903.5140762,200.1734109,828.2038181,212.0093072,798.9063675,218.5938849,688.1058517,205.9251487
600,922.2192888,199.0805373,844.8806139,213.0868502,903.212292,199.6675146,827.2621949,211.396588,798.8440936,218.588975,687.6975183,206.1432803
601,923.4921951,199.5733747,844.3874849,213.4532461,914.1426373,204.4684946,826.843145,210.9870708,799.116703,218.4044785,690.1580272,204.3461847
602,923.5016403,199.5424852,844.4073606,213.3783121,911.9956269,202.4353323,827.6054099,210.8657255,798.7838087,218.2977786,690.4488297,204.248971
603,924.3502598,200.4168987,844.3327541,214.0482025,914.6584711,206.1628814,829.4793713,211.4968498,798.3391843,218.4476585,691.1079044,202.2376781
604,924.3446903,200.4306126,844.3346871,214.047019,914.6592231,206.1771567,829.4832939,211.4981306,798.342485,218.4179621,691.1106033,202.2355542
605,924.6060905,200.5812397,843.2081016,214.0422325,916.5638618,211.0685416,828.0097802,211.6471756,798.6538403,218.9811063,693.6703702,199.962075
606,924.4461861,200.4867878,843.3433989,214.1740456,916.4345789,211.1038491,828.1365603,211.5726444,798.5982025,218.8542595,693.7325101,199.9954588
607,923.7509327,200.7229314,843.1456763,214.2933331,917.7251701,210.9031985,828.2061199,211.5774478,797.2673771,218.678441,696.0580463,198.4552727
608,923.7065601,200.8351583,843.16387,214.2952385,917.5157394,211.1647137,828.2276358,211.5849381,797.259295,218.7225752,696.034862,198.4597492
609,923.0066385,203.3249933,844.5384798,213.1567501,916.5022507,212.064412,829.4212226,212.2370749,797.5953642,218.3999472,699.8285117,197.3982162
610,923.0066385,203.3249933,844.5384798,213.1567501,916.5022507,212.064412,829.4212226,212.2370749,797.5953642,218.3999472,699.8285117,197.3982162
611,924.6264668,203.7693881,842.5954981,212.3719442,850.9786075,211.368299,831.1101482,212.7054062,798.093724,217.1069131,703.2211728,195.8777037
612,924.4209595,204.1500113,842.7410846,212.3939716,850.8814142,211.4640897,831.0551054,212.7517681,798.0042791,217.1082973,703.2231703,195.8230495
613,923.5741119,203.4754977,842.2707548,213.4374647,851.9268395,213.3592196,831.4834776,213.2631712,798.4285645,216.20994,706.5331016,193.8637247
614,923.5741119,203.4754977,842.2707548,213.4374647,851.9268395,213.3592196,831.4834776,213.2631712,798.4285645,216.20994,706.5331016,193.8637247
615,923.3353872,203.3103428,843.5962334,213.1735555,853.3175037,212.8865138,833.2474458,212.1891947,798.5599053,215.265707,710.5102885,191.9196284
616,923.2783575,203.2792177,843.5196863,213.062693,853.3721211,212.8331711,833.4648833,212.7682848,798.6774068,215.2720032,710.5099378,191.9098918
617,923.7892675,201.7166834,845.3209532,212.3171791,852.9122992,213.7927642,834.8665324,211.8648567,799.5210757,213.9756792,713.4555888,190.4518251
618,923.7892675,201.7166834,845.3209532,212.3171791,852.9122992,213.7927642,834.8665324,211.8648567,799.5210757,213.9756792,713.4555888,190.4518251
619,922.2414551,203.0555301,848.86199,212.3802554,916.5873594,214.8189149,836.2181299,211.8114047,803.0857924,211.4035187,716.4764171,188.5932779
620,921.9162226,203.1875857,848.8189678,212.3969131,855.8219616,211.1814293,835.9723882,211.8897491,800.9648728,212.0851615,716.4568507,188.5758963
621,922.9076939,202.3252394,854.6438556,210.9656479,865.220932,210.0129751,837.735417,213.2872629,802.6040096,209.4474483,719.655993,186.9652567
622,922.9076939,202.3252394,854.6438556,210.9656479,865.220932,210.0129751,837.735417,213.2872629,802.6040096,209.4474483,719.655993,186.9652567
623,921.0710239,202.2719427,857.6634507,209.6469884,864.5044477,206.5709829,836.8095357,213.5782194,804.9060242,206.1826134,722.0620756,184.9774823
624,921.0720472,202.2664281,857.6644669,209.6487703,864.5042708,206.5702581,836.8114465,213.5782709,804.9060163,206.1819944,722.0583344,184.9770489
625,918.4917164,210.6392469,875.3240315,207.6879959,872.9426146,204.2140528,835.8427655,212.1867723,810.2343597,202.4257345,725.3089375,183.2613583
626,918.4917164,210.6392469,875.3240315,207.6879959,872.9426146,204.2140528,835.8427655,212.1867723,810.2343597,202.4257345,725.3089375,183.2613583
627,917.7547779,211.0177755,908.0464611,208.0176029,877.1198987,209.2214077,835.0847623,212.8693647,816.0190263,199.5512402,728.0550752,181.8333359
628,917.7487288,211.0050955,908.0172311,208.0177088,876.9705988,209.1168618,835.1031556,212.8851891,816.0243087,199.5542078,728.0566778,181.8380518
629,902.6288614,202.1115314,889.4257979,207.2311068,881.3423109,208.0920699,834.0020896,212.7992077,820.5050497,201.2388048,731.3203974,181.035943
630,902.6288614,202.1115314,889.4257979,207.2311068,881.3423109,208.0920699,834.0020896,212.7992077,820.5050497,201.2388048,731.3203974,181.035943
631,918.616643,203.0000609,900.2483506,205.7232378,887.4634125,206.6329775,831.7393153,212.5691915,830.2698524,203.0203891,734.5213094,180.0364532
632,918.6223249,202.9986191,900.2501297,205.7248107,887.4635561,206.6351247,831.737741,212.5694359,830.2664189,203.0181985,734.521306,180.0460358
633,917.606555,209.3865852,909.4559314,206.9734528,890.0543737,206.1377263,831.7747221,213.7476225,838.512748,198.9252412,737.4059458,179.681006
634,917.606555,209.3865852,909.4559314,206.9734528,890.0543737,206.1377263,831.7747221,213.7476225,838.512748,198.9252412,737.4059458,179.681006
635,918.5029392,210.4504652,915.5039048,206.9078121,887.2556174,204.7399704,831.156733,213.8967953,846.0378032,197.7339163,740.5457187,179.3647246
636,918.5094891,210.4475431,915.5223107,206.8877397,887.296783,204.7226304,831.2294486,213.8615932,846.0741551,197.6722276,740.5759844,179.3718166
637,917.8142576,209.2898693,915.1348763,206.4811611,886.6965528,201.6858482,830.9718249,213.5339556,853.0154179,198.5466111,743.6660092,178.7018766
638,917.8142576,209.2898693,915.1348763,206.4811611,886.6965528,201.6858482,830.9718249,213.5339556,853.0154179,198.5466111,743.6660092,178.7018766
639,918.4337502,209.7985229,919.8216381,206.2196445,915.388792,209.4119523,832.4523811,212.6545448,868.0252145,198.3145096,748.0138941,177.9073472
640,918.471447,209.8880978,919.8183136,206.2626333,915.3546443,209.4466214,832.5227575,212.6549854,868.0497541,198.3758204,747.9376063,177.9677043
641,918.3174305,210.2289314,916.8081007,199.7167253,914.374959,209.0235872,833.784189,212.8451986,875.8339035,200.6697545,751.8984218,177.2721939
642,918.3174305,210.2289314,916.8081007,199.7167253,914.374959,209.0235872,833.784189,212.8451986,875.8339035,200.6697545,751.8984218,177.2721939
643,917.4253178,210.4757204,917.8567696,202.9182835,913.7154121,208.1977651,832.3472567,213.011378,881.6908545,200.3176842,756.3820923,177.1481175
644,917.4581976,210.4547396,917.9573812,202.9703407,913.7840967,208.234225,832.5084348,213.0196348,881.6505828,200.3513362,756.3667022,177.2868209
645,916.6652431,210.9734783,914.4338155,210.2867162,914.0977421,206.8702016,832.0744925,213.0513735,888.3615208,202.1787561,760.5901394,176.5504384
646,916.6652431,210.9734783,914.4338155,210.2867162,914.0977421,206.8702016,832.0744925,213.0513735,888.3615208,202.1787561,760.5901394,176.5504384
647,916.1101313,211.4397011,916.2112017,212.3174191,915.2803993,208.5937016,831.2016578,212.7515068,897.8728623,204.2518629,765.7479721,176.1917052
648,916.1116352,211.4280577,916.1998959,212.3094316,915.2723789,208.5962553,831.4008393,212.6574097,897.8324146,204.2286007,765.58994,176.2590871
649,911.5065975,212.0990944,838.4189901,212.375107,915.0811076,214.3271232,831.752974,212.8308687,906.3594999,207.7313769,770.4981194,175.7087255
650,911.5065975,212.0990944,838.4189901,212.375107,915.0811076,214.3271232,831.752974,212.8308687,906.3594999,207.7313769,770.4981194,175.7087255
651,776.2600307,174.0556273,838.3131781,212.2343432,916.3380785,213.2419291,833.4376175,212.6850471,908.2599173,206.8600035,775.2227726,175.1688645
652,776.2839375,173.9772553,838.3172684,212.2350061,916.3346596,213.2428761,833.438349,212.6818743,908.2518682,206.8679371,775.2608767,175.1030967
653,777.8649654,169.522675,838.4323549,212.2749954,918.4431639,213.9836483,834.0493572,212.5184956,918.5745268,211.1683202,780.728055,173.4876209
654,777.8649654,169.522675,838.4323549,212.2749954,918.4431639,213.9836483,834.0493572,212.5184956,918.5745268,211.1683202,780.728055,173.4876209
655,836.5500498,202.110867,839.1460867,211.9203993,919.2283468,213.4284997,834.5407982,213.1049643,919.2757616,211.0121836,784.4486573,173.4906416
656,836.5428925,202.1277914,839.130496,211.9169328,919.2734499,213.4848118,834.5377349,213.1034985,919.2507267,211.0154091,784.4657142,173.5047197
657,790.8017797,171.2112923,844.731488,212.11936,919.5327625,213.6889205,836.0614067,213.4427919,919.7161303,210.7900233,788.6392222,173.0222235
658,790.8017797,171.2112923,844.731488,212.11936,919.5327625,213.6889205,836.0614067,213.4427919,919.7161303,210.7900233,788.6392222,173.0222235
659,793.6226263,170.9039441,842.6954379,213.0824105,922.7463083,208.8765695,836.6261316,214.0337658,920.2060585,208.2126732,791.7217598,172.9720001
660,793.2214537,171.1659532,845.5504245,212.3521194,922.2178621,207.804692,836.6525797,213.9209194,920.2587023,208.3827443,791.5968931,173.2903279
661,793.4750729,171.0241061,842.4316511,212.9866143,921.7113447,206.5587339,835.1209865,214.4875917,831.7675049,212.1026888,795.3317197,173.9264555
662,793.4750729,171.0241061,842.4316511,212.9866143,921.7113447,206.5587339,835.1209865,214.4875917,831.7675049,212.1026888,795.3317197,173.9264555
663,850.0797558,202.4726563,842.6587524,212.8736169,920.7883701,206.1720822,835.8935828,214.4792461,831.814507,211.7030535,798.7438557,174.4925725
664,850.0727825,202.4947101,842.7003331,212.8730987,920.7959328,206.1548896,835.9181447,214.4974697,831.8430557,211.7258286,798.730675,174.4716341
665,912.3005314,192.8863463,841.8558073,213.070751,919.9853964,206.7170529,835.433619,214.2356498,831.1570754,211.5742264,801.4679105,175.9075143
666,850.260716,202.3419331,841.9240251,213.0669829,920.8911858,206.8452935,835.449769,214.2526839,831.051971,211.6451287,801.8404336,175.8075447